date,total_value,cash,n_positions,gross_value
2022-07-04,998808.2900000002,-1191.7099999998006,10,1000000.0
2022-07-05,997115.4876133573,-1191.7099999998006,10,998307.1976133571
2022-07-06,1018724.8561669223,-1191.7099999998006,10,1019916.5661669221
2022-07-07,1033421.2112793226,-1191.7099999998006,10,1034612.9212793225
2022-07-08,1033795.6912309966,-1191.7099999998006,10,1034987.4012309965
2022-07-11,1036769.0393006776,-1191.7099999998006,10,1037960.7493006774
2022-07-12,1023921.0129611857,-1191.7099999998006,10,1025112.7229611855
2022-07-13,1026631.0441178828,-1191.7099999998006,10,1027822.7541178827
2022-07-14,1023316.0328211527,-1191.7099999998006,10,1024507.7428211526
2022-07-15,1035612.0603877107,-1191.7099999998006,10,1036803.7703877105
2022-07-18,1059713.2581610482,-1191.7099999998006,10,1060904.968161048
2022-07-19,1065816.0717761812,-1191.7099999998006,10,1067007.781776181
2022-07-20,1073866.5275963289,-1191.7099999998006,10,1075058.2375963286
2022-07-21,1088576.7614681406,-1191.7099999998006,10,1089768.4714681404
2022-07-22,1103601.6187495135,-1191.7099999998006,10,1104793.3287495133
2022-07-25,1102155.990656557,-1191.7099999998006,10,1103347.7006565568
2022-07-26,1095203.9308894302,-1191.7099999998006,10,1096395.64088943
2022-07-27,1108657.0040649108,-1191.7099999998006,10,1109848.7140649105
2022-07-28,1129818.573890834,-1191.7099999998006,10,1131010.2838908338
2022-07-29,1132375.2573237666,-1191.7099999998006,10,1133566.9673237663
2022-08-01,1136227.6152964083,-2621.464829537578,10,1138849.0801259459
2022-08-02,1140739.5710182656,-2621.464829537578,10,1143361.035847803
2022-08-03,1143112.8949221114,-2621.464829537578,10,1145734.359751649
2022-08-04,1142055.8548210487,-2621.464829537578,10,1144677.3196505862
2022-08-05,1139524.3105403562,-2621.464829537578,10,1142145.7753698938
2022-08-08,1139850.7291752307,-2621.464829537578,10,1142472.1940047683
2022-08-10,1142653.4325168522,-2621.464829537578,10,1145274.8973463897
2022-08-11,1145436.718122483,-2621.464829537578,10,1148058.1829520206
2022-08-12,1155349.1250925618,-2621.464829537578,10,1157970.5899220994
2022-08-16,1167399.2272218592,-2621.464829537578,10,1170020.6920513967
2022-08-17,1178489.0966351042,-2621.464829537578,10,1181110.5614646417
2022-08-18,1177462.0734199588,-2621.464829537578,10,1180083.5382494964
2022-08-19,1161325.9474635622,-2621.464829537578,10,1163947.4122930998
2022-08-22,1148628.0830025119,-2621.464829537578,10,1151249.5478320494
2022-08-23,1158470.4980355913,-2621.464829537578,10,1161091.9628651289
2022-08-24,1158728.7500577085,-2621.464829537578,10,1161350.214887246
2022-08-25,1154584.161689251,-2621.464829537578,10,1157205.6265187885
2022-08-26,1162715.8261910023,-2621.464829537578,10,1165337.2910205398
2022-08-29,1154760.7850203123,-2621.464829537578,10,1157382.2498498498
2022-08-30,1172124.7161887814,-2621.464829537578,10,1174746.181018319
2022-09-01,1166795.4844191046,-3041.7425915665867,10,1169837.2270106713
2022-09-02,1160443.0623209036,-3041.7425915665867,10,1163484.8049124703
2022-09-05,1169080.6588030073,-3041.7425915665867,10,1172122.401394574
2022-09-06,1169883.1277013475,-3041.7425915665867,10,1172924.870292914
2022-09-07,1171970.7625099183,-3041.7425915665867,10,1175012.505101485
2022-09-08,1176205.4565346495,-3041.7425915665867,10,1179247.1991262161
2022-09-09,1177252.5041640971,-3041.7425915665867,10,1180294.2467556638
2022-09-12,1186573.9019578132,-3041.7425915665867,10,1189615.6445493798
2022-09-13,1196934.19734495,-3041.7425915665867,10,1199975.9399365166
2022-09-14,1201001.8409460436,-3041.7425915665867,10,1204043.5835376102
2022-09-15,1191880.1298617325,-3041.7425915665867,10,1194921.8724532991
2022-09-16,1167957.8502697197,-3041.7425915665867,10,1170999.5928612864
2022-09-19,1174193.2997663857,-3041.7425915665867,10,1177235.0423579523
2022-09-20,1191998.6237102556,-3041.7425915665867,10,1195040.3663018222
2022-09-21,1179123.1292868888,-3041.7425915665867,10,1182164.8718784554
2022-09-22,1169049.7173888455,-3041.7425915665867,10,1172091.4599804122
2022-09-23,1138151.6677178466,-3041.7425915665867,10,1141193.4103094132
2022-09-26,1111525.3193876497,-3041.7425915665867,10,1114567.0619792163
2022-09-27,1114004.69277306,-3041.7425915665867,10,1117046.4353646266
2022-09-28,1106703.165789945,-3041.7425915665867,10,1109744.9083815117
2022-09-29,1112337.9919098802,-2211.3022354986006,10,1114549.2941453787
2022-09-30,1133274.9214925198,-2211.3022354986006,10,1135486.2237280183
2022-10-03,1120650.1957853423,-2211.3022354986006,10,1122861.4980208408
2022-10-04,1139809.8171931715,-2211.3022354986006,10,1142021.11942867
2022-10-06,1155282.4134335883,-2211.3022354986006,10,1157493.715669087
2022-10-07,1149713.7387168328,-2211.3022354986006,10,1151925.0409523314
2022-10-10,1142777.6236214894,-2211.3022354986006,10,1144988.925856988
2022-10-11,1118806.477937412,-2211.3022354986006,10,1121017.7801729105
2022-10-12,1134623.7983472208,-2211.3022354986006,10,1136835.1005827193
2022-10-13,1125665.3586348188,-2211.3022354986006,10,1127876.6608703174
2022-10-14,1121202.7888304198,-2211.3022354986006,10,1123414.0910659183
2022-10-17,1118726.2776458473,-2211.3022354986006,10,1120937.5798813459
2022-10-18,1133778.2030580759,-2211.3022354986006,10,1135989.5052935744
2022-10-19,1133844.5483665864,-2211.3022354986006,10,1136055.850602085
2022-10-20,1141136.973693498,-2211.3022354986006,10,1143348.2759289965
2022-10-21,1139344.1650105773,-2211.3022354986006,10,1141555.4672460759
2022-10-24,1149415.6513105445,-2211.3022354986006,10,1151626.953546043
2022-10-25,1149517.5547247687,-2211.3022354986006,10,1151728.8569602673
2022-10-27,1167384.4880592953,-2211.3022354986006,10,1169595.790294794
2022-10-28,1167182.2346819888,-2211.3022354986006,10,1169393.5369174874
2022-10-31,1178633.9820713904,-2678.2899464985585,10,1181312.272017889
2022-11-01,1198519.1827637556,-2678.2899464985585,10,1201197.4727102541
2022-11-02,1193842.993842695,-2678.2899464985585,10,1196521.2837891935
2022-11-03,1194628.5729922631,-2678.2899464985585,10,1197306.8629387617
2022-11-04,1209515.1278325745,-2678.2899464985585,10,1212193.4177790731
2022-11-07,1218258.0639578076,-2678.2899464985585,10,1220936.3539043062
2022-11-09,1212940.9736215065,-2678.2899464985585,10,1215619.263568005
2022-11-10,1204128.086921032,-2678.2899464985585,10,1206806.3768675306
2022-11-11,1212864.3667548453,-2678.2899464985585,10,1215542.6567013438
2022-11-14,1211804.547778235,-2678.2899464985585,10,1214482.8377247336
2022-11-15,1216583.7709462445,-2678.2899464985585,10,1219262.060892743
2022-11-16,1205205.0582284066,-2678.2899464985585,10,1207883.3481749052
2022-11-17,1197660.6466026613,-2678.2899464985585,10,1200338.93654916
2022-11-18,1189385.6922228704,-2678.2899464985585,10,1192063.982169369
2022-11-21,1176984.974915382,-2678.2899464985585,10,1179663.2648618806
2022-11-22,1181567.729122572,-2678.2899464985585,10,1184246.0190690707
2022-11-23,1178259.3977339682,-2678.2899464985585,10,1180937.6876804668
2022-11-24,1190177.097138041,-2678.2899464985585,10,1192855.3870845395
2022-11-25,1189962.6660539866,-2678.2899464985585,10,1192640.9560004852
2022-11-28,1194198.210344847,-2678.2899464985585,10,1196876.5002913456
2022-11-29,1200474.0698588246,-2367.9242351832977,10,1202841.9940940079
2022-11-30,1211522.2159626824,-2367.9242351832977,10,1213890.1401978657
2022-12-01,1212267.281752138,-2367.9242351832977,10,1214635.2059873212
2022-12-02,1206859.5121959182,-2367.9242351832977,10,1209227.4364311015
2022-12-05,1219797.7697198002,-2367.9242351832977,10,1222165.6939549835
2022-12-06,1211845.193668882,-2367.9242351832977,10,1214213.1179040652
2022-12-07,1206482.8387735337,-2367.9242351832977,10,1208850.763008717
2022-12-08,1208121.2006810245,-2367.9242351832977,10,1210489.1249162077
2022-12-09,1201889.277467997,-2367.9242351832977,10,1204257.2017031803
2022-12-12,1197701.3808395215,-2367.9242351832977,10,1200069.3050747048
2022-12-13,1198800.6439236905,-2367.9242351832977,10,1201168.5681588738
2022-12-14,1209229.5128316719,-2367.9242351832977,10,1211597.4370668551
2022-12-15,1191236.789086508,-2367.9242351832977,10,1193604.7133216914
2022-12-16,1180641.8522595884,-2367.9242351832977,10,1183009.7764947717
2022-12-19,1193598.9024094467,-2367.9242351832977,10,1195966.82664463
2022-12-20,1189377.1777390577,-2367.9242351832977,10,1191745.101974241
2022-12-21,1177790.6252734512,-2367.9242351832977,10,1180158.5495086345
2022-12-22,1167216.211001976,-2367.9242351832977,10,1169584.1352371592
2022-12-23,1141969.9284271337,-2367.9242351832977,10,1144337.852662317
2022-12-26,1160718.4069902585,-2367.9242351832977,10,1163086.3312254418
2022-12-27,1174475.4581714568,-2678.9796862908447,10,1177154.4378577478
2022-12-28,1172855.223750789,-2678.9796862908447,10,1175534.20343708
2022-12-29,1177978.3649954526,-2678.9796862908447,10,1180657.3446817435
2022-12-30,1173801.5452365617,-2678.9796862908447,10,1176480.5249228526
2023-01-02,1180663.5283591114,-2678.9796862908447,10,1183342.5080454024
2023-01-03,1181405.5140072156,-2678.9796862908447,10,1184084.4936935066
2023-01-04,1169162.8214983821,-2678.9796862908447,10,1171841.801184673
2023-01-05,1162029.9990972532,-2678.9796862908447,10,1164708.9787835442
2023-01-06,1151779.6341468117,-2678.9796862908447,10,1154458.6138331026
2023-01-09,1168535.5789825765,-2678.9796862908447,10,1171214.5586688675
2023-01-10,1155873.426303593,-2678.9796862908447,10,1158552.405989884
2023-01-11,1151695.198981817,-2678.9796862908447,10,1154374.178668108
2023-01-12,1142377.9190583625,-2678.9796862908447,10,1145056.8987446534
2023-01-13,1148047.670252666,-2678.9796862908447,10,1150726.649938957
2023-01-16,1146661.3336841036,-2678.9796862908447,10,1149340.3133703945
2023-01-17,1154520.6927834977,-2678.9796862908447,10,1157199.6724697887
2023-01-18,1163001.367417299,-2678.9796862908447,10,1165680.34710359
2023-01-19,1156308.7548667963,-2678.9796862908447,10,1158987.7345530873
2023-01-20,1149199.1790530472,-2678.9796862908447,10,1151878.1587393382
2023-01-23,1155045.627885793,-2678.9796862908447,10,1157724.607572084
2023-01-24,1148588.7095504934,-2282.632767262187,10,1150871.3423177556
2023-01-25,1138035.5505303722,-2282.632767262187,10,1140318.1832976344
2023-01-27,1108425.9001771247,-2282.632767262187,10,1110708.5329443868
2023-01-30,1117386.340588188,-2282.632767262187,10,1119668.9733554502
2023-01-31,1131058.2503989213,-2282.632767262187,10,1133340.8831661835
2023-02-01,1102057.2499558057,-2282.632767262187,10,1104339.882723068
2023-02-02,1091515.6200896036,-2282.632767262187,10,1093798.2528568658
2023-02-03,1101794.5164402968,-2282.632767262187,10,1104077.149207559
2023-02-06,1100960.8311672772,-2282.632767262187,10,1103243.4639345394
2023-02-07,1105205.897698014,-2282.632767262187,10,1107488.5304652762
2023-02-08,1132104.2450441099,-2282.632767262187,10,1134386.877811372
2023-02-09,1124182.8138049932,-2282.632767262187,10,1126465.4465722553
2023-02-10,1120593.909875587,-2282.632767262187,10,1122876.5426428493
2023-02-13,1112790.5180421018,-2282.632767262187,10,1115073.150809364
2023-02-14,1124298.9672238568,-2282.632767262187,10,1126581.599991119
2023-02-15,1131641.6296953242,-2282.632767262187,10,1133924.2624625864
2023-02-16,1136594.4783570725,-2282.632767262187,10,1138877.1111243346
2023-02-17,1130400.320295126,-2282.632767262187,10,1132682.953062388
2023-02-20,1120389.0661998675,-2282.632767262187,10,1122671.6989671297
2023-02-21,1118967.9880900632,-2282.632767262187,10,1121250.6208573254
2023-02-22,1099107.90925319,-2345.80160784806,10,1101453.7108610382
2023-02-23,1098885.2100874837,-2345.80160784806,10,1101231.011695332
2023-02-24,1095407.9050715312,-2345.80160784806,10,1097753.7066793793
2023-02-27,1086594.705620609,-2345.80160784806,10,1088940.5072284571
2023-02-28,1091920.2249385421,-2345.80160784806,10,1094266.0265463903
2023-03-01,1117752.390918813,-2345.80160784806,10,1120098.192526661
2023-03-02,1113235.1705234451,-2345.80160784806,10,1115580.9721312933
2023-03-03,1152296.1753308377,-2345.80160784806,10,1154641.9769386859
2023-03-06,1171306.4566825428,-2345.80160784806,10,1173652.258290391
2023-03-08,1180152.9663576381,-2345.80160784806,10,1182498.7679654863
2023-03-09,1164888.466575337,-2345.80160784806,10,1167234.2681831853
2023-03-10,1149963.369355854,-2345.80160784806,10,1152309.1709637023
2023-03-13,1134715.0672875617,-2345.80160784806,10,1137060.8688954099
2023-03-14,1114424.0003473763,-2345.80160784806,10,1116769.8019552245
2023-03-15,1118209.6726425071,-2345.80160784806,10,1120555.4742503553
2023-03-16,1120801.7493635088,-2345.80160784806,10,1123147.550971357
2023-03-17,1127905.9906115157,-2345.80160784806,10,1130251.7922193639
2023-03-20,1114883.2178264842,-2345.80160784806,10,1117229.0194343324
2023-03-21,1126286.1962544476,-2345.80160784806,10,1128631.9978622957
2023-03-22,1123347.9369680276,-2345.80160784806,10,1125693.7385758758
2023-03-23,1113830.100412032,-2201.486080909347,10,1116031.5864929415
2023-03-24,1099442.4436079238,-2201.486080909347,10,1101643.9296888332
2023-03-27,1100633.50281698,-2201.486080909347,10,1102834.9888978894
2023-03-28,1099497.3736253432,-2201.486080909347,10,1101698.8597062526
2023-03-29,1111788.938220384,-2201.486080909347,10,1113990.4243012934
2023-03-31,1128041.3253969934,-2201.486080909347,10,1130242.8114779028
2023-04-03,1136466.9595181104,-2201.486080909347,10,1138668.4455990198
2023-04-05,1142054.8263783504,-2201.486080909347,10,1144256.3124592598
2023-04-06,1146326.8594012286,-2201.486080909347,10,1148528.345482138
2023-04-10,1140951.3311382143,-2201.486080909347,10,1143152.8172191237
2023-04-11,1145471.3034663524,-2201.486080909347,10,1147672.7895472618
2023-04-12,1146694.4654635158,-2201.486080909347,10,1148895.9515444252
2023-04-13,1146391.962189169,-2201.486080909347,10,1148593.4482700783
2023-04-17,1154639.4628946378,-2201.486080909347,10,1156840.9489755472
2023-04-18,1159516.0107912598,-2201.486080909347,10,1161717.4968721692
2023-04-19,1156203.5300839436,-2201.486080909347,10,1158405.016164853
2023-04-20,1150983.51007113,-2201.486080909347,10,1153184.9961520394
2023-04-21,1152124.7514178022,-2201.486080909347,10,1154326.2374987116
2023-04-24,1159803.5719992989,-2201.486080909347,10,1162005.0580802083
2023-04-25,1168319.0797933347,-2201.486080909347,10,1170520.565874244
2023-04-26,1167709.5958393582,-3050.757384651258,10,1170760.3532240095
2023-04-27,1177949.360590045,-3050.757384651258,10,1181000.1179746964
2023-04-28,1199863.1842565958,-3050.757384651258,10,1202913.9416412471
2023-05-02,1214477.2646124617,-3050.757384651258,10,1217528.021997113
2023-05-03,1203630.5923275494,-3050.757384651258,10,1206681.3497122007
2023-05-04,1213139.2959113545,-3050.757384651258,10,1216190.0532960058
2023-05-05,1210417.1221610194,-3050.757384651258,10,1213467.8795456707
2023-05-08,1218104.8797453793,-3050.757384651258,10,1221155.6371300307
2023-05-09,1223195.775278931,-3050.757384651258,10,1226246.5326635824
2023-05-10,1221230.1105671693,-3050.757384651258,10,1224280.8679518206
2023-05-11,1231401.9359538616,-3050.757384651258,10,1234452.693338513
2023-05-12,1223357.4611826818,-3050.757384651258,10,1226408.2185673332
2023-05-15,1224949.41598392,-3050.757384651258,10,1228000.1733685713
2023-05-16,1222104.3074086881,-3050.757384651258,10,1225155.0647933395
2023-05-17,1213956.183390761,-3050.757384651258,10,1217006.9407754124
2023-05-18,1208739.0384468078,-3050.757384651258,10,1211789.795831459
2023-05-19,1224946.999833774,-3050.757384651258,10,1227997.7572184254
2023-05-22,1269018.188539228,-3050.757384651258,10,1272068.9459238793
2023-05-23,1285552.4447898006,-3050.757384651258,10,1288603.202174452
2023-05-24,1271556.6688489574,-3050.757384651258,10,1274607.4262336087
2023-05-25,1279012.55226447,-2984.996375744332,10,1281997.5486402141
2023-05-26,1295220.7461861854,-2984.996375744332,10,1298205.7425619296
2023-05-29,1304161.8536421836,-2984.996375744332,10,1307146.8500179278
2023-05-30,1298821.851377283,-2984.996375744332,10,1301806.8477530272
2023-05-31,1294935.5946270358,-2984.996375744332,10,1297920.59100278
2023-06-01,1302031.1376157154,-2984.996375744332,10,1305016.1339914596
2023-06-02,1311647.4951856968,-2984.996375744332,10,1314632.491561441
2023-06-05,1313851.482718763,-2984.996375744332,10,1316836.4790945072
2023-06-06,1312921.550573643,-2984.996375744332,10,1315906.5469493873
2023-06-07,1329627.9445942228,-2984.996375744332,10,1332612.940969967
2023-06-08,1323798.9178643352,-2984.996375744332,10,1326783.9142400795
2023-06-09,1313290.5328217708,-2984.996375744332,10,1316275.529197515
2023-06-12,1317734.7757252061,-2984.996375744332,10,1320719.7721009504
2023-06-13,1328301.2410331652,-2984.996375744332,10,1331286.2374089095
2023-06-14,1342415.2089883636,-2984.996375744332,10,1345400.2053641079
2023-06-15,1338090.164921475,-2984.996375744332,10,1341075.1612972193
2023-06-16,1339776.4576879323,-2984.996375744332,10,1342761.4540636765
2023-06-19,1334212.2183266291,-2984.996375744332,10,1337197.2147023734
2023-06-20,1338345.1769357435,-2984.996375744332,10,1341330.1733114878
2023-06-21,1336262.322523796,-2984.996375744332,10,1339247.3188995402
2023-06-22,1323053.445427476,-1333.4556205266144,10,1324386.9010480025
2023-06-23,1317972.851870634,-1333.4556205266144,10,1319306.3074911605
2023-06-26,1323365.6146678799,-1333.4556205266144,10,1324699.0702884065
2023-06-27,1330264.80414164,-1333.4556205266144,10,1331598.2597621665
2023-06-28,1339076.274803737,-1333.4556205266144,10,1340409.7304242635
2023-06-30,1351756.248271112,-1333.4556205266144,10,1353089.7038916387
2023-07-03,1354816.1204503423,-1333.4556205266144,10,1356149.5760708689
2023-07-04,1359785.7884336088,-1333.4556205266144,10,1361119.2440541354
2023-07-05,1367663.7682926552,-1333.4556205266144,10,1368997.2239131818
2023-07-06,1374503.443957262,-1333.4556205266144,10,1375836.8995777885
2023-07-07,1357388.2686340262,-1333.4556205266144,10,1358721.7242545527
2023-07-10,1362443.814949634,-1333.4556205266144,10,1363777.2705701606
2023-07-11,1368990.3154644808,-1333.4556205266144,10,1370323.7710850073
2023-07-12,1366351.8734713884,-1333.4556205266144,10,1367685.329091915
2023-07-13,1371240.3287706818,-1333.4556205266144,10,1372573.7843912083
2023-07-14,1391243.4595358227,-1333.4556205266144,10,1392576.9151563493
2023-07-17,1398448.327677475,-1333.4556205266144,10,1399781.7832980016
2023-07-18,1407396.5208611875,-1333.4556205266144,10,1408729.976481714
2023-07-19,1409892.022997723,-1333.4556205266144,10,1411225.4786182495
2023-07-20,1419031.1465035242,-1333.4556205266144,10,1420364.6021240507
2023-07-21,1395501.6475498416,-3177.7756202483206,10,1398679.42317009
2023-07-24,1390138.9238166984,-3177.7756202483206,10,1393316.6994369468
2023-07-25,1389143.024952004,-3177.7756202483206,10,1392320.8005722524
2023-07-26,1388037.4148413741,-3177.7756202483206,10,1391215.1904616226
2023-07-27,1376689.5384873233,-3177.7756202483206,10,1379867.3141075717
2023-07-28,1375944.3987731226,-3177.7756202483206,10,1379122.174393371
2023-07-31,1392874.611363638,-3177.7756202483206,10,1396052.3869838864
2023-08-01,1387728.0097063936,-3177.7756202483206,10,1390905.785326642
2023-08-02,1370883.371745692,-3177.7756202483206,10,1374061.1473659405
2023-08-03,1363956.7475494775,-3177.7756202483206,10,1367134.523169726
2023-08-04,1374121.3439994717,-3177.7756202483206,10,1377299.1196197201
2023-08-07,1386061.4627161985,-3177.7756202483206,10,1389239.238336447
2023-08-08,1386294.7218201486,-3177.7756202483206,10,1389472.497440397
2023-08-09,1395273.7334670513,-3177.7756202483206,10,1398451.5090872997
2023-08-10,1389552.0456371296,-3177.7756202483206,10,1392729.821257378
2023-08-11,1380104.7861045757,-3177.7756202483206,10,1383282.5617248241
2023-08-14,1377548.2035433678,-3177.7756202483206,10,1380725.9791636162
2023-08-16,1379019.3931971495,-3177.7756202483206,10,1382197.168817398
2023-08-17,1370019.4460925725,-3177.7756202483206,10,1373197.221712821
2023-08-18,1357645.0631898495,-3177.7756202483206,10,1360822.838810098
2023-08-21,1370795.5844636532,-2706.1324173120793,10,1373501.7168809653
2023-08-22,1372589.3290966304,-2706.1324173120793,10,1375295.4615139426
2023-08-23,1381927.6747652132,-2706.1324173120793,10,1384633.8071825253
2023-08-24,1380394.6020257256,-2706.1324173120793,10,1383100.7344430378
2023-08-25,1372345.185171469,-2706.1324173120793,10,1375051.3175887812
2023-08-28,1378459.8380611727,-2706.1324173120793,10,1381165.9704784849
2023-08-29,1385492.3891086087,-2706.1324173120793,10,1388198.5215259208
2023-08-30,1385508.4946244597,-2706.1324173120793,10,1388214.6270417718
2023-08-31,1377136.1315841153,-2706.1324173120793,10,1379842.2640014275
2023-09-01,1400117.3028799498,-2706.1324173120793,10,1402823.435297262
2023-09-04,1403765.9753528347,-2706.1324173120793,10,1406472.1077701468
2023-09-05,1407268.0632689332,-2706.1324173120793,10,1409974.1956862453
2023-09-06,1404960.1308803307,-2706.1324173120793,10,1407666.2632976428
2023-09-07,1409471.605722131,-2706.1324173120793,10,1412177.738139443
2023-09-08,1411998.1125151867,-2706.1324173120793,10,1414704.2449324988
2023-09-11,1425488.4099943293,-2706.1324173120793,10,1428194.5424116415
2023-09-12,1415121.6572104795,-2706.1324173120793,10,1417827.7896277916
2023-09-13,1419396.2532549961,-2706.1324173120793,10,1422102.3856723083
2023-09-14,1424509.7080916709,-2706.1324173120793,10,1427215.840508983
2023-09-15,1424461.9931871807,-2706.1324173120793,10,1427168.1256044928
2023-09-18,1425834.74831077,-2778.6564549060727,10,1428613.404765676
2023-09-20,1417255.2942278336,-2778.6564549060727,10,1420033.9506827397
2023-09-21,1404104.947584064,-2778.6564549060727,10,1406883.60403897
2023-09-22,1399081.209033869,-2778.6564549060727,10,1401859.865488775
2023-09-25,1411326.3995894275,-2778.6564549060727,10,1414105.0560443336
2023-09-26,1405236.739906925,-2778.6564549060727,10,1408015.396361831
2023-09-27,1406604.0126258738,-2778.6564549060727,10,1409382.66908078
2023-09-28,1396367.060378405,-2778.6564549060727,10,1399145.7168333111
2023-09-29,1409516.5550500748,-2778.6564549060727,10,1412295.211504981
2023-10-03,1402756.6643576035,-2778.6564549060727,10,1405535.3208125096
2023-10-04,1391533.0036873792,-2778.6564549060727,10,1394311.6601422853
2023-10-05,1390764.7818269362,-2778.6564549060727,10,1393543.4382818423
2023-10-06,1404483.3895685023,-2778.6564549060727,10,1407262.0460234084
2023-10-09,1392048.468016755,-2778.6564549060727,10,1394827.1244716612
2023-10-10,1412757.0430885889,-2778.6564549060727,10,1415535.699543495
2023-10-11,1416278.0626164335,-2778.6564549060727,10,1419056.7190713396
2023-10-12,1417790.6239485128,-2778.6564549060727,10,1420569.280403419
2023-10-13,1414041.2908924138,-2778.6564549060727,10,1416819.94734732
2023-10-16,1411799.7401148886,-2778.6564549060727,10,1414578.3965697947
2023-10-17,1420460.440882477,-2778.6564549060727,10,1423239.097337383
2023-10-18,1403892.0462033718,-2320.7302654107475,10,1406212.7764687827
2023-10-19,1403067.6648197833,-2320.7302654107475,10,1405388.3950851941
2023-10-20,1395000.458610552,-2320.7302654107475,10,1397321.1888759627
2023-10-23,1371468.4383345582,-2320.7302654107475,10,1373789.168599969
2023-10-25,1366285.8384034121,-2320.7302654107475,10,1368606.568668823
2023-10-26,1342109.6853209983,-2320.7302654107475,10,1344430.4155864092
2023-10-27,1356525.0657670554,-2320.7302654107475,10,1358845.7960324662
2023-10-30,1365329.7895449938,-2320.7302654107475,10,1367650.5198104046
2023-10-31,1365631.4226319245,-2320.7302654107475,10,1367952.1528973354
2023-11-01,1358133.749012126,-2320.7302654107475,10,1360454.4792775367
2023-11-02,1370312.2602134265,-2320.7302654107475,10,1372632.9904788374
2023-11-03,1373452.5908322656,-2320.7302654107475,10,1375773.3210976764
2023-11-06,1385166.3407185606,-2320.7302654107475,10,1387487.0709839715
2023-11-07,1386027.5360892692,-2320.7302654107475,10,1388348.26635468
2023-11-08,1389955.580045588,-2320.7302654107475,10,1392276.310310999
2023-11-09,1382793.2077048249,-2320.7302654107475,10,1385113.9379702357
2023-11-10,1384105.5169521365,-2320.7302654107475,10,1386426.2472175474
2023-11-13,1386163.1041248788,-2320.7302654107475,10,1388483.8343902896
2023-11-15,1402748.1974621601,-2320.7302654107475,10,1405068.927727571
2023-11-16,1401700.3636175813,-2320.7302654107475,10,1404021.0938829922
2023-11-17,1391205.5603021502,-1857.4587657672919,10,1393063.0190679175
2023-11-20,1382160.5113237477,-1857.4587657672919,10,1384017.970089515
2023-11-21,1389057.9043901667,-1857.4587657672919,10,1390915.363155934
2023-11-22,1387779.5737570045,-1857.4587657672919,10,1389637.0325227717
2023-11-23,1390703.4889805925,-1857.4587657672919,10,1392560.9477463597
2023-11-24,1397069.297963985,-1857.4587657672919,10,1398926.7567297523
2023-11-28,1414253.4146610617,-1857.4587657672919,10,1416110.873426829
2023-11-29,1419511.981770471,-1857.4587657672919,10,1421369.4405362383
2023-11-30,1418194.5719995731,-1857.4587657672919,10,1420052.0307653404
2023-12-01,1431560.2594828424,-1857.4587657672919,10,1433417.7182486097
2023-12-04,1470769.0495392117,-1857.4587657672919,10,1472626.508304979
2023-12-05,1501427.6664913252,-1857.4587657672919,10,1503285.1252570925
2023-12-06,1504486.4154374718,-1857.4587657672919,10,1506343.874203239
2023-12-07,1502867.584180195,-1857.4587657672919,10,1504725.0429459622
2023-12-08,1496837.435258202,-1857.4587657672919,10,1498694.8940239693
2023-12-11,1504713.4530235433,-1857.4587657672919,10,1506570.9117893106
2023-12-12,1505715.9425619652,-1857.4587657672919,10,1507573.4013277325
2023-12-13,1516110.79001262,-1857.4587657672919,10,1517968.2487783872
2023-12-14,1529004.2216475776,-1857.4587657672919,10,1530861.6804133449
2023-12-15,1553929.6289013342,-1857.4587657672919,10,1555787.0876671015
2023-12-18,1559444.6593832553,-3100.4588489324133,10,1562545.1182321878
2023-12-19,1575644.3961576829,-3100.4588489324133,10,1578744.8550066154
2023-12-20,1546275.173354762,-3100.4588489324133,10,1549375.6322036944
2023-12-21,1563188.115372033,-3100.4588489324133,10,1566288.5742209656
2023-12-22,1574512.2024759443,-3100.4588489324133,10,1577612.6613248768
2023-12-26,1588726.1647370013,-3100.4588489324133,10,1591826.6235859338
2023-12-27,1600458.0871677028,-3100.4588489324133,10,1603558.5460166354
2023-12-28,1617078.8622607852,-3100.4588489324133,10,1620179.3211097177
2023-12-29,1625209.049111732,-3100.4588489324133,10,1628309.5079606646
2024-01-01,1631687.4185264232,-3100.4588489324133,10,1634787.8773753557
2024-01-02,1630872.3680975712,-3100.4588489324133,10,1633972.8269465037
2024-01-03,1623470.2816268073,-3100.4588489324133,10,1626570.7404757398
2024-01-04,1645552.8495862226,-3100.4588489324133,10,1648653.308435155
2024-01-05,1641220.255507388,-3100.4588489324133,10,1644320.7143563204
2024-01-08,1624235.4530224397,-3100.4588489324133,10,1627335.9118713723
2024-01-09,1621893.1563034537,-3100.4588489324133,10,1624993.6151523862
2024-01-10,1622747.068305551,-3100.4588489324133,10,1625847.5271544836
2024-01-11,1636914.6370636274,-3100.4588489324133,10,1640015.09591256
2024-01-12,1647235.6407710367,-3100.4588489324133,10,1650336.0996199693
2024-01-15,1658829.4663476322,-3100.4588489324133,10,1661929.9251965648
2024-01-16,1652889.0364668958,-4344.8306013346755,10,1657233.8670682304
2024-01-17,1606500.6048652679,-4344.8306013346755,10,1610845.4354666024
2024-01-18,1603486.7427898468,-4344.8306013346755,10,1607831.5733911814
2024-01-19,1620922.2590089876,-4344.8306013346755,10,1625267.0896103221
2024-01-23,1591964.4528817807,-4344.8306013346755,10,1596309.2834831153
2024-01-24,1609321.1327753619,-4344.8306013346755,10,1613665.9633766965
2024-01-25,1599250.8031707867,-4344.8306013346755,10,1603595.6337721213
2024-01-29,1621844.1762758703,-4344.8306013346755,10,1626189.0068772049
2024-01-30,1616030.3633795502,-4344.8306013346755,10,1620375.1939808847
2024-01-31,1635414.9578728029,-4344.8306013346755,10,1639759.7884741374
2024-02-01,1642721.1453320477,-4344.8306013346755,10,1647065.9759333823
2024-02-02,1668500.444182536,-4344.8306013346755,10,1672845.2747838707
2024-02-05,1672022.920352241,-4344.8306013346755,10,1676367.7509535756
2024-02-06,1698008.5340933136,-4344.8306013346755,10,1702353.3646946482
2024-02-07,1695582.1377395554,-4344.8306013346755,10,1699926.96834089
2024-02-08,1671031.8225668569,-4344.8306013346755,10,1675376.6531681914
2024-02-09,1669397.974346566,-4344.8306013346755,10,1673742.8049479006
2024-02-12,1652371.9516564605,-4344.8306013346755,10,1656716.782257795
2024-02-13,1665679.8225348983,-4344.8306013346755,10,1670024.6531362329
2024-02-14,1694929.0930270206,-4344.8306013346755,10,1699273.9236283551
2024-02-15,1710493.3745809621,-4459.628626777313,10,1714953.0032077394
2024-02-16,1723505.3964862588,-4459.628626777313,10,1727965.0251130362
2024-02-19,1741534.209309307,-4459.628626777313,10,1745993.8379360843
2024-02-20,1751269.559438549,-4459.628626777313,10,1755729.1880653263
2024-02-21,1739413.3425332748,-4459.628626777313,10,1743872.971160052
2024-02-22,1756722.9685832628,-4459.628626777313,10,1761182.59721004
2024-02-23,1757622.0114177482,-4459.628626777313,10,1762081.6400445255
2024-02-26,1750115.887015961,-4459.628626777313,10,1754575.5156427384
2024-02-27,1757563.175420651,-4459.628626777313,10,1762022.8040474283
2024-02-28,1727390.5647263587,-4459.628626777313,10,1731850.193353136
2024-02-29,1737734.0166619131,-4459.628626777313,10,1742193.6452886905
2024-03-01,1771552.5899822537,-4459.628626777313,10,1776012.218609031
2024-03-04,1765870.7559399202,-4459.628626777313,10,1770330.3845666975
2024-03-05,1755004.949229941,-4459.628626777313,10,1759464.5778567183
2024-03-06,1757193.4269474794,-4459.628626777313,10,1761653.0555742567
2024-03-07,1754294.4607014158,-4459.628626777313,10,1758754.089328193
2024-03-11,1744822.0691890467,-4459.628626777313,10,1749281.697815824
2024-03-12,1734605.7294543204,-4459.628626777313,10,1739065.3580810977
2024-03-13,1691891.3637543707,-4459.628626777313,10,1696350.992381148
2024-03-14,1714289.044583072,-4459.628626777313,10,1718748.6732098493
2024-03-15,1702526.1316891613,-2818.1394018143365,10,1705344.2710909757
2024-03-18,1695609.8928524232,-2818.1394018143365,10,1698428.0322542377
2024-03-19,1669127.8660784701,-2818.1394018143365,10,1671946.0054802846
2024-03-20,1680995.584252265,-2818.1394018143365,10,1683813.7236540795
2024-03-21,1693749.9479268682,-2818.1394018143365,10,1696568.0873286827
2024-03-22,1699479.5802768515,-2818.1394018143365,10,1702297.719678666
2024-03-26,1695840.0309103914,-2818.1394018143365,10,1698658.1703122058
2024-03-27,1697983.0917911998,-2818.1394018143365,10,1700801.2311930142
2024-03-28,1722667.894778449,-2818.1394018143365,10,1725486.0341802635
2024-04-01,1722939.8541907582,-2818.1394018143365,10,1725757.9935925726
2024-04-02,1717327.5993192312,-2818.1394018143365,10,1720145.7387210457
2024-04-03,1709239.8689671224,-2818.1394018143365,10,1712058.0083689368
2024-04-04,1709786.6621037412,-2818.1394018143365,10,1712604.8015055556
2024-04-05,1709854.9019022416,-2818.1394018143365,10,1712673.041304056
2024-04-08,1711202.5300310326,-2818.1394018143365,10,1714020.669432847
2024-04-09,1710946.745398929,-2818.1394018143365,10,1713764.8848007435
2024-04-10,1732612.8840352967,-2818.1394018143365,10,1735431.0234371112
2024-04-12,1719005.4843340458,-2818.1394018143365,10,1721823.6237358602
2024-04-15,1699746.2385808274,-2818.1394018143365,10,1702564.3779826418
2024-04-16,1686089.072005929,-2818.1394018143365,10,1688907.2114077434
2024-04-18,1673654.6505527021,-2183.5642972881346,10,1675838.2148499903
2024-04-19,1687205.3445352896,-2183.5642972881346,10,1689388.9088325778
2024-04-22,1700444.3387970617,-2183.5642972881346,10,1702627.90309435
2024-04-23,1704774.1238732648,-2183.5642972881346,10,1706957.688170553
2024-04-24,1721453.573279536,-2183.5642972881346,10,1723637.1375768243
2024-04-25,1715224.5931809493,-2183.5642972881346,10,1717408.1574782375
2024-04-26,1702104.4416841124,-2183.5642972881346,10,1704288.0059814006
2024-04-29,1705480.169170036,-2183.5642972881346,10,1707663.7334673242
2024-04-30,1708985.9432355147,-2183.5642972881346,10,1711169.5075328029
2024-05-02,1726072.8283612684,-2183.5642972881346,10,1728256.3926585566
2024-05-03,1711155.4932130931,-2183.5642972881346,10,1713339.0575103813
2024-05-06,1704534.4384342723,-2183.5642972881346,10,1706718.0027315605
2024-05-07,1690006.577546847,-2183.5642972881346,10,1692190.1418441352
2024-05-08,1697127.1754301172,-2183.5642972881346,10,1699310.7397274054
2024-05-09,1655408.4270364903,-2183.5642972881346,10,1657591.9913337785
2024-05-10,1672257.592772383,-2183.5642972881346,10,1674441.1570696712
2024-05-13,1686153.5156595511,-2183.5642972881346,10,1688337.0799568393
2024-05-14,1706950.9495205937,-2183.5642972881346,10,1709134.513817882
2024-05-15,1710888.0766393861,-2183.5642972881346,10,1713071.6409366743
2024-05-16,1724909.798131739,-2183.5642972881346,10,1727093.3624290272
2024-05-17,1735780.6817148286,-3424.509161863478,10,1739205.190876692
2024-05-21,1748297.1602318056,-3424.509161863478,10,1751721.669393669
2024-05-22,1759160.4060142522,-3424.509161863478,10,1762584.9151761157
2024-05-23,1791893.477344563,-3424.509161863478,10,1795317.9865064265
2024-05-24,1785810.184280541,-3424.509161863478,10,1789234.6934424045
2024-05-27,1770573.7371066061,-3424.509161863478,10,1773998.2462684696
2024-05-28,1764475.361782096,-3424.509161863478,10,1767899.8709439596
2024-05-29,1755064.4442660082,-3424.509161863478,10,1758488.9534278717
2024-05-30,1723503.2651115144,-3424.509161863478,10,1726927.7742733778
2024-05-31,1737971.830595937,-3424.509161863478,10,1741396.3397578006
2024-06-03,1797874.9608361037,-3424.509161863478,10,1801299.4699979671
2024-06-04,1655457.7896775804,-3424.509161863478,10,1658882.2988394438
2024-06-05,1711967.2938433802,-3424.509161863478,10,1715391.8030052437
2024-06-06,1738657.9398196128,-3424.509161863478,10,1742082.4489814762
2024-06-07,1771107.4988595874,-3424.509161863478,10,1774532.0080214508
2024-06-10,1766742.0906768155,-3424.509161863478,10,1770166.599838679
2024-06-11,1772525.923227074,-3424.509161863478,10,1775950.4323889376
2024-06-12,1783410.218871886,-3424.509161863478,10,1786834.7280337494
2024-06-13,1799213.5266009495,-3424.509161863478,10,1802638.035762813
2024-06-14,1803937.7192050565,-3424.509161863478,10,1807362.22836692
2024-06-18,1811305.6629509532,-4753.01650753122,10,1816058.6794584845
2024-06-19,1789933.1478033965,-4753.01650753122,10,1794686.1643109277
2024-06-20,1787598.2205792733,-4753.01650753122,10,1792351.2370868046
2024-06-21,1782629.947140204,-4753.01650753122,10,1787382.9636477353
2024-06-24,1788525.9373018998,-4753.01650753122,10,1793278.953809431
2024-06-25,1789805.7214974049,-4753.01650753122,10,1794558.7380049361
2024-06-26,1795449.135158175,-4753.01650753122,10,1800202.1516657062
2024-06-27,1814741.1899370851,-4753.01650753122,10,1819494.2064446164
2024-06-28,1818430.355687633,-4753.01650753122,10,1823183.3721951642
2024-07-01,1823735.2513764277,-4753.01650753122,10,1828488.267883959
2024-07-02,1823139.8929871097,-4753.01650753122,10,1827892.909494641
2024-07-03,1829796.820715392,-4753.01650753122,10,1834549.8372229233
2024-07-04,1828378.0442461893,-4753.01650753122,10,1833131.0607537206
2024-07-05,1842775.7545011833,-4753.01650753122,10,1847528.7710087146
2024-07-08,1837466.073335557,-4753.01650753122,10,1842219.0898430883
2024-07-09,1848247.9545009558,-4753.01650753122,10,1853000.971008487
2024-07-10,1846289.9612105824,-4753.01650753122,10,1851042.9777181137
2024-07-11,1848811.1925324064,-4753.01650753122,10,1853564.2090399377
2024-07-12,1858313.4130996058,-4753.01650753122,10,1863066.429607137
2024-07-15,1878804.1419183002,-4753.01650753122,10,1883557.1584258315
2024-07-16,1875669.3075997804,-4914.368530648665,10,1880583.6761304291
2024-07-18,1883342.997051107,-4914.368530648665,10,1888257.3655817558
2024-07-19,1857402.5335076344,-4914.368530648665,10,1862316.9020382832
2024-07-22,1835982.0714854482,-4914.368530648665,10,1840896.440016097
2024-07-23,1823763.4363554243,-4914.368530648665,10,1828677.804886073
2024-07-24,1817161.3446471705,-4914.368530648665,10,1822075.7131778193
2024-07-25,1824968.0198792424,-4914.368530648665,10,1829882.3884098912
2024-07-26,1878988.9859196614,-4914.368530648665,10,1883903.35445031
2024-07-29,1881165.5671900017,-4914.368530648665,10,1886079.9357206505
2024-07-30,1885040.0204427345,-4914.368530648665,10,1889954.3889733832
2024-07-31,1900693.9090766949,-4914.368530648665,10,1905608.2776073436
2024-08-01,1912541.0622145678,-4914.368530648665,10,1917455.4307452166
2024-08-02,1891949.1050530353,-4914.368530648665,10,1896863.473583684
2024-08-05,1844727.9140332828,-4914.368530648665,10,1849642.2825639315
2024-08-06,1841586.5615922706,-4914.368530648665,10,1846500.9301229194
2024-08-07,1880329.2978597844,-4914.368530648665,10,1885243.6663904332
2024-08-08,1860081.6763538527,-4914.368530648665,10,1864996.0448845015
2024-08-09,1876925.53963168,-4914.368530648665,10,1881839.9081623286
2024-08-12,1873483.1558319237,-4914.368530648665,10,1878397.5243625725
2024-08-13,1846535.0298328153,-4914.368530648665,10,1851449.398363464
2024-08-14,1835348.733934776,-4212.1561956703545,10,1839560.8901304463
2024-08-16,1870337.7690440745,-4212.1561956703545,10,1874549.9252397448
2024-08-19,1874949.4414410274,-4212.1561956703545,10,1879161.5976366978
2024-08-20,1885110.4141021739,-4212.1561956703545,10,1889322.5702978442
2024-08-21,1897656.191310183,-4212.1561956703545,10,1901868.3475058533
2024-08-22,1910366.8933076311,-4212.1561956703545,10,1914579.0495033015
2024-08-23,1908516.6196059803,-4212.1561956703545,10,1912728.7758016507
2024-08-26,1919173.7790395254,-4212.1561956703545,10,1923385.9352351958
2024-08-27,1914154.8663730766,-4212.1561956703545,10,1918367.022568747
2024-08-28,1906742.6138650065,-4212.1561956703545,10,1910954.7700606768
2024-08-29,1915895.8124844108,-4212.1561956703545,10,1920107.9686800812
2024-08-30,1927999.4605728057,-4212.1561956703545,10,1932211.616768476
2024-09-02,1936190.8302773123,-4212.1561956703545,10,1940402.9864729827
2024-09-03,1937560.4473548257,-4212.1561956703545,10,1941772.603550496
2024-09-04,1940419.275686397,-4212.1561956703545,10,1944631.4318820674
2024-09-05,1942126.6217927593,-4212.1561956703545,10,1946338.7779884296
2024-09-06,1923675.6195008273,-4212.1561956703545,10,1927887.7756964976
2024-09-09,1929468.3387873268,-4212.1561956703545,10,1933680.4949829972
2024-09-10,1938270.5759478896,-4212.1561956703545,10,1942482.73214356
2024-09-11,1941332.4191036806,-4212.1561956703545,10,1945544.575299351
2024-09-12,1962269.063779629,-5143.166159301303,10,1967412.2299389304
2024-09-13,1962107.0879205153,-5143.166159301303,10,1967250.2540798166
2024-09-16,1966466.2906113046,-5143.166159301303,10,1971609.4567706059
2024-09-17,1955458.2373702056,-5143.166159301303,10,1960601.4035295069
2024-09-18,1944428.81926021,-5143.166159301303,10,1949571.9854195113
2024-09-19,1934999.0531489414,-5143.166159301303,10,1940142.2193082427
2024-09-20,1969832.1139011662,-5143.166159301303,10,1974975.2800604675
2024-09-23,1989060.3304133625,-5143.166159301303,10,1994203.4965726638
2024-09-24,2006893.71165625,-5143.166159301303,10,2012036.8778155514
2024-09-25,2012414.263254705,-5143.166159301303,10,2017557.4294140062
2024-09-26,2032280.3434938728,-5143.166159301303,10,2037423.509653174
2024-09-27,2029089.3425009472,-5143.166159301303,10,2034232.5086602485
2024-09-30,2016710.4926879574,-5143.166159301303,10,2021853.6588472587
2024-10-01,2021029.0593754211,-5143.166159301303,10,2026172.2255347224
2024-10-03,1978643.8758651686,-5143.166159301303,10,1983787.04202447
2024-10-04,1959658.987804864,-5143.166159301303,10,1964802.1539641654
2024-10-07,1918313.6215302702,-5143.166159301303,10,1923456.7876895715
2024-10-08,1943927.4970853317,-5143.166159301303,10,1949070.663244633
2024-10-09,1938128.8075981243,-5143.166159301303,10,1943271.9737574256
2024-10-10,1952105.4911472613,-5143.166159301303,10,1957248.6573065626
2024-10-11,1945224.5871304467,-3798.4096137446504,10,1949022.9967441913
2024-10-14,1958268.590970903,-3798.4096137446504,10,1962067.0005846475
2024-10-15,1939337.0254551463,-3798.4096137446504,10,1943135.435068891
2024-10-16,1940397.5517412731,-3798.4096137446504,10,1944195.9613550177
2024-10-17,1931710.3597642232,-3798.4096137446504,10,1935508.7693779678
2024-10-18,1945898.0480982186,-3798.4096137446504,10,1949696.4577119632
2024-10-21,1916805.8983491024,-3798.4096137446504,10,1920604.307962847
2024-10-22,1877400.782116124,-3798.4096137446504,10,1881199.1917298685
2024-10-23,1877524.4771068634,-3798.4096137446504,10,1881322.886720608
2024-10-24,1874338.1745890907,-3798.4096137446504,10,1878136.5842028353
2024-10-25,1849207.4397819503,-3798.4096137446504,10,1853005.849395695
2024-10-28,1856512.4222757167,-3798.4096137446504,10,1860310.8318894613
2024-10-29,1883866.37058624,-3798.4096137446504,10,1887664.7801999846
2024-10-30,1877477.782007461,-3798.4096137446504,10,1881276.1916212055
2024-10-31,1866767.3259351563,-3798.4096137446504,10,1870565.735548901
2024-11-01,1874844.2159216043,-3798.4096137446504,10,1878642.625535349
2024-11-04,1854455.2039254582,-3798.4096137446504,10,1858253.6135392028
2024-11-05,1875044.209669479,-3798.4096137446504,10,1878842.6192832235
2024-11-06,1907805.538751186,-3798.4096137446504,10,1911603.9483649307
2024-11-07,1894418.6782565133,-3798.4096137446504,10,1898217.087870258
2024-11-08,1878642.6310231886,-4312.888007818032,10,1882955.5190310066
2024-11-11,1880842.9438545976,-4312.888007818032,10,1885155.8318624157
2024-11-12,1846307.1651593605,-4312.888007818032,10,1850620.0531671785
2024-11-13,1815791.4013995333,-4312.888007818032,10,1820104.2894073513
2024-11-14,1813090.4027412895,-4312.888007818032,10,1817403.2907491075
2024-11-18,1812794.5912399534,-4312.888007818032,10,1817107.4792477714
2024-11-19,1811374.5627085008,-4312.888007818032,10,1815687.4507163188
2024-11-21,1756285.191808501,-4312.888007818032,10,1760598.079816319
2024-11-22,1795816.1382206194,-4312.888007818032,10,1800129.0262284374
2024-11-25,1829799.4592500487,-4312.888007818032,10,1834112.3472578668
2024-11-26,1810804.946255726,-4312.888007818032,10,1815117.834263544
2024-11-27,1837927.0711415166,-4312.888007818032,10,1842239.9591493346
2024-11-28,1821102.538006315,-4312.888007818032,10,1825415.426014133
2024-11-29,1831965.4572023277,-4312.888007818032,10,1836278.3452101457
2024-12-02,1833270.997457057,-4312.888007818032,10,1837583.885464875
2024-12-03,1856048.4671406352,-4312.888007818032,10,1860361.3551484533
2024-12-04,1848211.3963534422,-4312.888007818032,10,1852524.2843612602
2024-12-05,1855716.503720426,-4312.888007818032,10,1860029.391728244
2024-12-06,1858247.1943245046,-4312.888007818032,10,1862560.0823323226
2024-12-09,1853832.947506384,-4312.888007818032,10,1858145.835514202
2024-12-10,1846039.2658448035,-2517.0699229507363,10,1848556.3357677544
2024-12-11,1848847.7058396272,-2517.0699229507363,10,1851364.775762578
2024-12-12,1840979.018337314,-2517.0699229507363,10,1843496.0882602648
2024-12-13,1862769.3990934528,-2517.0699229507363,10,1865286.4690164037
2024-12-16,1854799.407457011,-2517.0699229507363,10,1857316.4773799619
2024-12-17,1835648.8822020518,-2517.0699229507363,10,1838165.9521250026
2024-12-18,1820121.5519873754,-2517.0699229507363,10,1822638.6219103262
2024-12-19,1795667.4309566908,-2517.0699229507363,10,1798184.5008796416
2024-12-20,1769754.65350616,-2517.0699229507363,10,1772271.7234291108
2024-12-23,1780582.6748481619,-2517.0699229507363,10,1783099.7447711127
2024-12-24,1776663.7280944346,-2517.0699229507363,10,1779180.7980173854
2024-12-26,1777477.5606047146,-2517.0699229507363,10,1779994.6305276654
2024-12-27,1780659.1163634239,-2517.0699229507363,10,1783176.1862863747
2024-12-30,1778882.580353603,-2517.0699229507363,10,1781399.6502765538
2024-12-31,1784144.9948162234,-2517.0699229507363,10,1786662.0647391742
2025-01-01,1792120.0537363165,-2517.0699229507363,10,1794637.1236592673
2025-01-02,1838323.0573817207,-2517.0699229507363,10,1840840.1273046716
2025-01-03,1834973.9506332388,-2517.0699229507363,10,1837491.0205561896
2025-01-06,1790439.2076438866,-2517.0699229507363,10,1792956.2775668374
2025-01-07,1799925.489473205,-2517.0699229507363,10,1802442.5593961559
2025-01-08,1798213.475096161,-3556.376915797136,10,1801769.8520119581
2025-01-09,1791291.4539321891,-3556.376915797136,10,1794847.8308479863
2025-01-10,1772764.5833491352,-3556.376915797136,10,1776320.9602649324
2025-01-13,1750583.887627673,-3556.376915797136,10,1754140.2645434702
2025-01-14,1758039.5987396638,-3556.376915797136,10,1761595.975655461
2025-01-15,1770281.4399816308,-3556.376915797136,10,1773837.816897428
2025-01-16,1799499.451678588,-3556.376915797136,10,1803055.8285943852
2025-01-17,1807196.943202602,-3556.376915797136,10,1810753.320118399
2025-01-20,1825743.5368740952,-3556.376915797136,10,1829299.9137898923
2025-01-21,1801324.5704489632,-3556.376915797136,10,1804880.9473647603
2025-01-22,1804602.852247358,-3556.376915797136,10,1808159.2291631552
2025-01-23,1803976.4870060903,-3556.376915797136,10,1807532.8639218875
2025-01-24,1796119.6412969714,-3556.376915797136,10,1799676.0182127685
2025-01-27,1766501.920726446,-3556.376915797136,10,1770058.297642243
2025-01-28,1759300.1530424352,-3556.376915797136,10,1762856.5299582323
2025-01-29,1782338.607380553,-3556.376915797136,10,1785894.98429635
2025-01-30,1793569.9065699629,-3556.376915797136,10,1797126.28348576
2025-01-31,1821818.4443847171,-3556.376915797136,10,1825374.8213005143
2025-02-01,1820914.4729153917,-3556.376915797136,10,1824470.8498311888
2025-02-03,1791043.2351704955,-3556.376915797136,10,1794599.6120862926
2025-02-04,1818867.147921773,-4147.1528808312305,10,1823014.300802604
2025-02-05,1808676.1459319072,-4147.1528808312305,10,1812823.2988127384
2025-02-06,1791035.074656163,-4147.1528808312305,10,1795182.2275369943
2025-02-07,1784940.1140128367,-4147.1528808312305,10,1789087.2668936679
2025-02-10,1772017.1152136244,-4147.1528808312305,10,1776164.2680944556
2025-02-11,1746910.2158615051,-4147.1528808312305,10,1751057.3687423363
2025-02-12,1747809.3013825717,-4147.1528808312305,10,1751956.4542634028
2025-02-13,1740770.5962129508,-4147.1528808312305,10,1744917.749093782
2025-02-14,1721547.2860046043,-4147.1528808312305,10,1725694.4388854355
2025-02-17,1731349.90249583,-4147.1528808312305,10,1735497.0553766612
2025-02-18,1735916.1819314878,-4147.1528808312305,10,1740063.334812319
2025-02-19,1741820.786628334,-4147.1528808312305,10,1745967.9395091652
2025-02-20,1746720.3718483,-4147.1528808312305,10,1750867.5247291313
2025-02-21,1731991.2076590068,-4147.1528808312305,10,1736138.360539838
2025-02-24,1723824.8867007573,-4147.1528808312305,10,1727972.0395815885
2025-02-25,1725867.8514762612,-4147.1528808312305,10,1730015.0043570923
2025-02-27,1717995.263660233,-4147.1528808312305,10,1722142.4165410642
2025-02-28,1678977.658899552,-4147.1528808312305,10,1683124.811780383
2025-03-03,1692404.014738685,-4147.1528808312305,10,1696551.1676195161
2025-03-04,1700642.324134361,-4147.1528808312305,10,1704789.4770151922
2025-03-05,1741220.659516546,-2870.6771764161854,10,1744091.336692962
2025-03-06,1757819.2307979749,-2870.6771764161854,10,1760689.907974391
2025-03-07,1762793.1757668739,-2870.6771764161854,10,1765663.85294329
2025-03-10,1756719.1599503863,-2870.6771764161854,10,1759589.8371268024
2025-03-11,1768088.8908937061,-2870.6771764161854,10,1770959.5680701223
2025-03-12,1773997.1716696804,-2870.6771764161854,10,1776867.8488460965
2025-03-13,1770247.5457038092,-2870.6771764161854,10,1773118.2228802254
2025-03-17,1771972.586802427,-2870.6771764161854,10,1774843.263978843
2025-03-18,1772467.776529137,-2870.6771764161854,10,1775338.4537055532
2025-03-19,1817043.2471525315,-2870.6771764161854,10,1819913.9243289477
2025-03-20,1833673.880613195,-2870.6771764161854,10,1836544.5577896112
2025-03-21,1850981.8915143781,-2870.6771764161854,10,1853852.5686907943
2025-03-24,1883919.5205293496,-2870.6771764161854,10,1886790.1977057657
2025-03-25,1875119.5137513154,-2870.6771764161854,10,1877990.1909277316
2025-03-26,1854394.5671149702,-2870.6771764161854,10,1857265.2442913863
2025-03-27,1862126.3324084007,-2870.6771764161854,10,1864997.0095848169
2025-03-28,1872168.45198617,-2870.6771764161854,10,1875039.129162586
2025-04-01,1857860.1710103943,-2870.6771764161854,10,1860730.8481868105
2025-04-02,1872735.0662764844,-2870.6771764161854,10,1875605.7434529006
2025-04-03,1872327.7820957222,-2870.6771764161854,10,1875198.4592721383
2025-04-04,1837631.5311407528,-4202.745755540604,10,1841834.2768962935
2025-04-07,1798789.2200292295,-4202.745755540604,10,1802991.9657847702
2025-04-08,1840165.4099803006,-4202.745755540604,10,1844368.1557358413
2025-04-09,1817256.7064831157,-4202.745755540604,10,1821459.4522386563
2025-04-11,1861377.826885158,-4202.745755540604,10,1865580.5726406986
2025-04-15,1885511.1361699454,-4202.745755540604,10,1889713.881925486
2025-04-16,1903468.5560709778,-4202.745755540604,10,1907671.3018265185
2025-04-17,1917016.4566519053,-4202.745755540604,10,1921219.202407446
2025-04-21,1942572.1958648243,-4202.745755540604,10,1946774.941620365
2025-04-22,1945300.4236872187,-4202.745755540604,10,1949503.1694427594
2025-04-23,1950975.7912080395,-4202.745755540604,10,1955178.5369635802
2025-04-24,1948409.6723517417,-4202.745755540604,10,1952612.4181072824
2025-04-25,1917465.752186222,-4202.745755540604,10,1921668.4979417627
2025-04-28,1945793.9689963446,-4202.745755540604,10,1949996.7147518853
2025-04-29,1943352.6843854054,-4202.745755540604,10,1947555.430140946
2025-04-30,1920995.9035385095,-4202.745755540604,10,1925198.6492940502
2025-05-02,1919485.7420276662,-4202.745755540604,10,1923688.4877832069
2025-05-05,1937038.3933254885,-4202.745755540604,10,1941241.1390810292
2025-05-06,1912853.414079256,-4202.745755540604,10,1917056.1598347966
2025-05-07,1921503.756210363,-4202.745755540604,10,1925706.5019659037
2025-05-08,1897069.9226806657,-4330.841512552415,10,1901400.7641932182
2025-05-09,1897062.7666564654,-4330.841512552415,10,1901393.6081690178
2025-05-12,1950656.0233566337,-4330.841512552415,10,1954986.8648691862
2025-05-13,1931834.90314766,-4330.841512552415,10,1936165.7446602124
2025-05-14,1938044.9368982515,-4330.841512552415,10,1942375.778410804
2025-05-15,1962908.0607861644,-4330.841512552415,10,1967238.9022987168
2025-05-16,1978356.95645822,-4330.841512552415,10,1982687.7979707725
2025-05-19,1971372.0199610926,-4330.841512552415,10,1975702.861473645
2025-05-20,1954446.8040207233,-4330.841512552415,10,1958777.6455332758
2025-05-21,1968788.0530401634,-4330.841512552415,10,1973118.8945527158
2025-05-22,1948467.9049397707,-4330.841512552415,10,1952798.7464523232
2025-05-23,1974404.1976125978,-4330.841512552415,10,1978735.0391251503
2025-05-26,1984574.5126631474,-4330.841512552415,10,1988905.3541756999
2025-05-27,1973312.826888351,-4330.841512552415,10,1977643.6684009035
2025-05-28,1961369.1645522523,-4330.841512552415,10,1965700.0060648047
2025-05-29,1961096.7843637376,-4330.841512552415,10,1965427.62587629
2025-05-30,1945837.200888329,-4330.841512552415,10,1950168.0424008814
2025-06-02,1951868.550639007,-4330.841512552415,10,1956199.3921515595
2025-06-03,1935929.5161183223,-4330.841512552415,10,1940260.3576308747
2025-06-04,1940822.6662254848,-4330.841512552415,10,1945153.5077380373
2025-06-05,1940864.470252337,-3186.7570097738403,10,1944051.2272621107
2025-06-06,1963772.6010595663,-3186.7570097738403,10,1966959.35806934
2025-06-09,1977516.1298847573,-3186.7570097738403,10,1980702.886894531
2025-06-10,1997753.1817663994,-3186.7570097738403,10,2000939.9387761732
2025-06-11,1995355.9914258365,-3186.7570097738403,10,1998542.7484356102
2025-06-12,1975318.1279391565,-3186.7570097738403,10,1978504.8849489302
2025-06-13,1966990.1274261808,-3186.7570097738403,10,1970176.8844359545
2025-06-16,1983826.0250760992,-3186.7570097738403,10,1987012.782085873
2025-06-17,1962557.2701151695,-3186.7570097738403,10,1965744.0271249432
2025-06-18,1968029.772991817,-3186.7570097738403,10,1971216.5300015907
2025-06-19,1962188.0894603087,-3186.7570097738403,10,1965374.8464700824
2025-06-20,1979494.4288624607,-3186.7570097738403,10,1982681.1858722344
2025-06-23,1987928.104896916,-3186.7570097738403,10,1991114.8619066898
2025-06-24,1996154.6679345826,-3186.7570097738403,10,1999341.4249443563
2025-06-25,2000116.7916724568,-3186.7570097738403,10,2003303.5486822305
2025-06-26,2017953.586031553,-3186.7570097738403,10,2021140.3430413269
2025-06-27,2021496.3185553686,-3186.7570097738403,10,2024683.0755651423
2025-06-30,2023531.2358235766,-3186.7570097738403,10,2026717.9928333503
2025-07-01,2025650.4680151062,-3186.7570097738403,10,2028837.22502488
2025-07-02,2010611.7257744307,-3186.7570097738403,10,2013798.4827842044
2025-07-03,2001686.2594597521,-5221.548230945012,10,2006907.807690697
2025-07-04,2009160.8665771312,-5221.548230945012,10,2014382.414808076
2025-07-07,2015289.3911917163,-5221.548230945012,10,2020510.9394226612
2025-07-08,2007417.1645010456,-5221.548230945012,10,2012638.7127319905
2025-07-09,2006260.1316079958,-5221.548230945012,10,2011481.6798389407
2025-07-10,1999772.0710715284,-5221.548230945012,10,2004993.6193024733
2025-07-11,1977870.6394925064,-5221.548230945012,10,1983092.1877234513
2025-07-14,1974457.6970379646,-5221.548230945012,10,1979679.2452689095
2025-07-15,1993785.4045520949,-5221.548230945012,10,1999006.9527830398
2025-07-16,1998186.6358953626,-5221.548230945012,10,2003408.1841263075
2025-07-17,1996182.2538049615,-5221.548230945012,10,2001403.8020359064
2025-07-18,1992927.144063011,-5221.548230945012,10,1998148.692293956
2025-07-21,2006667.3328533603,-5221.548230945012,10,2011888.8810843052
2025-07-22,2004615.9303852504,-5221.548230945012,10,2009837.4786161953
2025-07-23,2019962.0356309547,-5221.548230945012,10,2025183.5838618996
2025-07-24,2001764.8818975755,-5221.548230945012,10,2006986.4301285204
2025-07-25,1966824.8094367848,-5221.548230945012,10,1972046.3576677297
2025-07-28,1946552.847741388,-5221.548230945012,10,1951774.395972333
2025-07-29,1951921.0959167832,-5221.548230945012,10,1957142.644147728
2025-07-30,1951324.1040550754,-5221.548230945012,10,1956545.6522860203
2025-07-31,1938697.1559034067,-3829.97199825149,10,1942527.1279016582
2025-08-01,1929744.3091027292,-3829.97199825149,10,1933574.2811009807
2025-08-04,1948556.9245562828,-3829.97199825149,10,1952386.8965545343
2025-08-05,1959052.7622507366,-3829.97199825149,10,1962882.734248988
2025-08-06,1950228.6562249188,-3829.97199825149,10,1954058.6282231703
2025-08-07,1952274.2272457306,-3829.97199825149,10,1956104.199243982
2025-08-08,1935959.551673487,-3829.97199825149,10,1939789.5236717386
2025-08-11,1947861.145079106,-3829.97199825149,10,1951691.1170773576
2025-08-12,1945029.6397551603,-3829.97199825149,10,1948859.6117534118
2025-08-13,1968499.5688424045,-3829.97199825149,10,1972329.540840656
2025-08-14,1967087.673992181,-3829.97199825149,10,1970917.6459904325
2025-08-18,2014364.8300683033,-3829.97199825149,10,2018194.8020665548
2025-08-19,2024328.5732893639,-3829.97199825149,10,2028158.5452876154
2025-08-20,2027969.9773670032,-3829.97199825149,10,2031799.9493652547
2025-08-21,2025472.1562368115,-3829.97199825149,10,2029302.128235063
2025-08-22,2014838.5775796592,-3829.97199825149,10,2018668.5495779107
2025-08-25,2020376.3208492205,-3829.97199825149,10,2024206.292847472
2025-08-26,2014291.3975323383,-3829.97199825149,10,2018121.3695305898
2025-08-28,2007460.4555710016,-3829.97199825149,10,2011290.4275692531
2025-08-29,2005773.5521742827,-3829.97199825149,10,2009603.5241725342
2025-09-01,2023560.5615634674,-4084.1399590169644,10,2027644.7015224844
2025-09-02,2020890.749593443,-4084.1399590169644,10,2024974.88955246
2025-09-03,2037010.5724657604,-4084.1399590169644,10,2041094.7124247774
2025-09-04,2033817.9463505987,-4084.1399590169644,10,2037902.0863096158
2025-09-05,2038184.8964121991,-4084.1399590169644,10,2042269.0363712162
2025-09-08,2038089.5741494538,-4084.1399590169644,10,2042173.7141084708
2025-09-09,2051721.0841635645,-4084.1399590169644,10,2055805.2241225815
2025-09-10,2074935.1445963741,-4084.1399590169644,10,2079019.2845553912
2025-09-11,2081942.0908344095,-4084.1399590169644,10,2086026.2307934265
2025-09-12,2099974.6494962373,-4084.1399590169644,10,2104058.789455254
2025-09-15,2097183.5456507397,-4084.1399590169644,10,2101267.6856097565
2025-09-16,2111283.8344853213,-4084.1399590169644,10,2115367.974444338
2025-09-17,2120355.454923163,-4084.1399590169644,10,2124439.59488218
2025-09-18,2117112.0367112714,-4084.1399590169644,10,2121196.176670288
2025-09-19,2124396.100372117,-4084.1399590169644,10,2128480.240331134
2025-09-22,2131537.653940752,-4084.1399590169644,10,2135621.793899769
2025-09-23,2148039.3192104474,-4084.1399590169644,10,2152123.459169464
2025-09-24,2131453.1607283773,-4084.1399590169644,10,2135537.300687394
2025-09-25,2111106.224942007,-4084.1399590169644,10,2115190.364901024
2025-09-26,2077008.109324496,-4084.1399590169644,10,2081092.249283513
2025-09-29,2068350.1068956268,-4119.73268799097,10,2072469.8395836176
2025-09-30,2071763.3029067738,-4119.73268799097,10,2075883.0355947646
2025-10-01,2086246.2338103403,-4119.73268799097,10,2090365.9664983312
2025-10-03,2089693.0566527739,-4119.73268799097,10,2093812.7893407647
2025-10-06,2091460.9637368894,-4119.73268799097,10,2095580.6964248803
2025-10-07,2092756.30599967,-4119.73268799097,10,2096876.0386876608
2025-10-08,2079871.1018572813,-4119.73268799097,10,2083990.8345452722
2025-10-09,2092294.4945682778,-4119.73268799097,10,2096414.2272562687
2025-10-10,2110533.08933626,-4119.73268799097,10,2114652.8220242513
2025-10-13,2106776.013126763,-4119.73268799097,10,2110895.745814754
2025-10-14,2093871.6020950295,-4119.73268799097,10,2097991.3347830204
2025-10-15,2103977.799125867,-4119.73268799097,10,2108097.531813858
2025-10-16,2122435.2386778113,-4119.73268799097,10,2126554.9713658025
2025-10-17,2137065.285060277,-4119.73268799097,10,2141185.0177482683
2025-10-20,2156898.4190766155,-4119.73268799097,10,2161018.1517646066
2025-10-21,2157778.807309674,-4119.73268799097,10,2161898.539997665
2025-10-23,2152088.205970052,-4119.73268799097,10,2156207.9386580433
2025-10-24,2138075.933684165,-4119.73268799097,10,2142195.6663721562
2025-10-27,2159929.71858205,-4119.73268799097,10,2164049.451270041
2025-10-28,2160223.021754095,-4119.73268799097,10,2164342.754442086
2025-10-29,2170670.58398812,-5000.359295817023,10,2175670.943283937
2025-10-30,2171542.218633282,-5000.359295817023,10,2176542.577929099
2025-10-31,2163820.0069369767,-5000.359295817023,10,2168820.366232794
2025-11-03,2182586.4749554433,-5000.359295817023,10,2187586.8342512604
2025-11-04,2160078.4232424414,-5000.359295817023,10,2165078.7825382585
2025-11-06,2135337.148917264,-5000.359295817023,10,2140337.508213081
2025-11-07,2157840.789163645,-5000.359295817023,10,2162841.148459462
2025-11-10,2154038.681699111,-5000.359295817023,10,2159039.040994928
2025-11-11,2165020.2632049737,-5000.359295817023,10,2170020.6225007907
2025-11-12,2176714.389278639,-5000.359295817023,10,2181714.748574456
2025-11-13,2168406.568083924,-5000.359295817023,10,2173406.927379741
2025-11-14,2170649.2180106738,-5000.359295817023,10,2175649.577306491
2025-11-17,2177604.0991145605,-5000.359295817023,10,2182604.4584103776
2025-11-18,2168176.8395205615,-5000.359295817023,10,2173177.1988163786
2025-11-19,2162325.8136086436,-5000.359295817023,10,2167326.1729044607
2025-11-20,2171403.3314369256,-5000.359295817023,10,2176403.6907327427
2025-11-21,2159789.862764927,-5000.359295817023,10,2164790.222060744
2025-11-24,2142723.3646735298,-5000.359295817023,10,2147723.723969347
2025-11-25,2131651.1964594396,-5000.359295817023,10,2136651.5557552567
2025-11-26,2161589.5976871676,-5000.359295817023,10,2166589.9569829847
2025-11-27,2147576.0421775305,-4291.411608761884,10,2151867.4537862926
2025-11-28,2152922.566467054,-4291.411608761884,10,2157213.9780758163
2025-12-01,2150990.9401113195,-4291.411608761884,10,2155282.3517200816
2025-12-02,2145626.602470813,-4291.411608761884,10,2149918.014079575
2025-12-03,2135064.71868473,-4291.411608761884,10,2139356.130293492
2025-12-04,2140216.685092213,-4291.411608761884,10,2144508.096700975
2025-12-05,2149599.956179621,-4291.411608761884,10,2153891.3677883833
2025-12-08,2129782.7187026497,-4291.411608761884,10,2134074.130311412
2025-12-09,2123614.465350973,-4291.411608761884,10,2127905.876959735
2025-12-10,2118273.867847296,-4291.411608761884,10,2122565.279456058
2025-12-11,2146055.3754459303,-4291.411608761884,10,2150346.7870546924
2025-12-12,2158624.6871984056,-4291.411608761884,10,2162916.0988071677
2025-12-15,2155397.9364747824,-4291.411608761884,10,2159689.3480835445
2025-12-16,2141634.0590930306,-4291.411608761884,10,2145925.4707017927
2025-12-17,2131949.8777327496,-4291.411608761884,10,2136241.2893415117
2025-12-18,2128549.704866888,-4291.411608761884,10,2132841.11647565
2025-12-19,2137511.125382862,-4291.411608761884,10,2141802.536991624
2025-12-22,2142692.420059927,-4291.411608761884,10,2146983.831668689
2025-12-23,2151815.6322398162,-4291.411608761884,10,2156107.0438485784
2025-12-24,2149285.8975980924,-4291.411608761884,10,2153577.3092068546
2025-12-26,2145082.4355103206,-4903.676160243848,10,2149986.1116705644
2025-12-29,2130211.3263875847,-4903.676160243848,10,2135115.0025478285
2025-12-30,2131100.9521491765,-4903.676160243848,10,2136004.6283094203
2025-12-31,2149283.8898949204,-4903.676160243848,10,2154187.566055164
2026-01-01,2165053.9051319584,-4903.676160243848,10,2169957.581292202
2026-01-02,2191294.1246741456,-4903.676160243848,10,2196197.8008343894
2026-01-05,2196012.1736217146,-4903.676160243848,10,2200915.8497819584
2026-01-06,2190568.4289291776,-4903.676160243848,10,2195472.1050894214
2026-01-07,2191590.5962325325,-4903.676160243848,10,2196494.2723927763
2026-01-08,2162839.7704960215,-4903.676160243848,10,2167743.4466562653
2026-01-09,2135798.4426850583,-4903.676160243848,10,2140702.118845302
2026-01-12,2150185.497896961,-4903.676160243848,10,2155089.1740572047
2026-01-13,2150792.580901787,-4903.676160243848,10,2155696.257062031
2026-01-14,2145021.899506799,-4903.676160243848,10,2149925.5756670428
2026-01-15,2145021.899506799,-4903.676160243848,10,2149925.5756670428
2026-01-16,2145705.9828337743,-4903.676160243848,10,2150609.658994018
2026-01-19,2134881.594122433,-4903.676160243848,10,2139785.270282677
2026-01-20,2088687.2909591997,-4903.676160243848,10,2093590.9671194435
2026-01-21,2076537.3002006656,-4903.676160243848,10,2081440.9763609094
2026-01-22,2098033.873452072,-4903.676160243848,10,2102937.549612316
2026-01-23,2053017.7726010277,-5339.10284871636,10,2058356.875449744
2026-01-27,2059619.1630591801,-5339.10284871636,10,2064958.2659078964
2026-01-28,2089218.2238451715,-5339.10284871636,10,2094557.3266938878
2026-01-29,2087172.7334513327,-5339.10284871636,10,2092511.836300049
2026-01-30,2100929.30137489,-5339.10284871636,10,2106268.4042236065
2026-02-02,2075961.9628019112,-5339.10284871636,10,2081301.0656506275
2026-02-03,2121955.95946819,-5339.10284871636,10,2127295.0623169066
2026-02-04,2125768.3602461745,-5339.10284871636,10,2131107.463094891
2026-02-05,2116661.1518626194,-5339.10284871636,10,2122000.254711336
2026-02-06,2138860.158209605,-5339.10284871636,10,2144199.2610583217
2026-02-09,2157212.74295596,-5339.10284871636,10,2162551.8458046764
2026-02-10,2152978.2584211244,-5339.10284871636,10,2158317.361269841
2026-02-11,2161109.844829967,-5339.10284871636,10,2166448.9476786833
2026-02-12,2162895.025885718,-5339.10284871636,10,2168234.1287344345
2026-02-13,2151910.5215771603,-5339.10284871636,10,2157249.624425877
2026-02-16,2165328.973696089,-5339.10284871636,10,2170668.0765448054
2026-02-17,2178662.859332572,-5339.10284871636,10,2184001.9621812887
2026-02-18,2196885.009866484,-5339.10284871636,10,2202224.1127152005
2026-02-19,2159886.8567778296,-5339.10284871636,10,2165225.959626546
2026-02-20,2172394.4207385797,-5339.10284871636,10,2177733.5235872963
2026-02-23,2187072.853320508,-3635.830061408299,10,2190708.683381916
2026-02-24,2150692.616104273,-3635.830061408299,10,2154328.4461656814
2026-02-25,2158826.462657365,-3635.830061408299,10,2162462.2927187732
2026-02-26,2160057.6836996186,-3635.830061408299,10,2163693.513761027
2026-02-27,2138146.358049121,-3635.830061408299,10,2141782.1881105294
2026-03-02,2123600.8731546504,-3635.830061408299,10,2127236.7032160587
2026-03-04,2086241.9915030736,-3635.830061408299,10,2089877.8215644818
2026-03-05,2095006.8716102946,-3635.830061408299,10,2098642.701671703
2026-03-06,2086470.632724818,-3635.830061408299,10,2090106.4627862263
2026-03-09,2042297.2962915667,-3635.830061408299,10,2045933.126352975
2026-03-10,2054449.2772263275,-3635.830061408299,10,2058085.1072877357
2026-03-11,2033756.7059658763,-3635.830061408299,10,2037392.5360272846
2026-03-12,2028466.2714735602,-3635.830061408299,10,2032102.1015349685
2026-03-13,1989099.953273397,-3635.830061408299,10,1992735.7833348052
2026-03-16,1989295.4588313615,-3635.830061408299,10,1992931.2888927697
2026-03-17,1996109.777092338,-3635.830061408299,10,1999745.6071537463
2026-03-18,2012982.5642635927,-3635.830061408299,10,2016618.394325001
2026-03-19,1960246.1399395138,-3635.830061408299,10,1963881.970000922
2026-03-20,1965735.9517954902,-3635.830061408299,10,1969371.7818568985
2026-03-23,1905534.2738786736,-3635.830061408299,10,1909170.1039400818
2026-03-24,1947664.872113342,-5152.970377093745,10,1952817.8424904356
2026-03-25,1981902.5893240545,-5152.970377093745,10,1987055.5597011482
2026-03-27,1937185.339129313,-5152.970377093745,10,1942338.3095064065
2026-03-30,1892091.1483097433,-5152.970377093745,10,1897244.118686837
2026-04-01,1938133.3459833702,-5152.970377093745,10,1943286.3163604639
