date,ticker,side,shares,effective_price,notional_inr,cost_inr,meta_fold_id,meta_slip_bps
2022-07-04,BAJFINANCE,buy,180.36667364618762,554.7033605346679,100050.0,69.17099999999999,0,5.0
2022-07-04,ICICIBANK,buy,143.16165846979376,698.8603028869628,100050.0,69.17099999999999,0,5.0
2022-07-04,SBIN,buy,223.3268766549058,447.998026473999,100050.0,69.17099999999999,0,5.0
2022-07-04,SHRIRAMFIN,buy,422.6176811227846,236.73879364013672,100050.0,69.17099999999999,0,5.0
2022-07-04,ASIANPAINT,buy,37.000432063150775,2704.022478149414,100049.99999999999,69.17099999999999,0,5.0
2022-07-04,TCS,buy,34.555375410914536,2895.352714599609,100049.99999999999,69.17099999999999,0,5.0
2022-07-04,TITAN,buy,51.624114687709714,1938.0477632446289,100050.0,69.17099999999999,0,5.0
2022-07-04,ULTRACEMCO,buy,17.914906120380998,5584.734819580078,100050.0,69.17099999999999,0,5.0
2022-07-04,EICHERMOT,buy,37.27600158095385,2684.0325076904296,100049.99999999999,69.17099999999999,0,5.0
2022-07-04,ITC,buy,403.76879627967867,247.79032189178466,100050.0,69.17099999999999,0,5.0
2022-08-01,ASIANPAINT,sell,1.6340249205826867,3218.5334829101566,5259.163918804987,8.112161686103887,0,5.0
2022-08-01,BAJFINANCE,sell,180.36667364618762,714.6467093200685,128898.4497922547,198.82344074959178,0,5.0
2022-08-01,ICICIBANK,sell,143.16165846979376,798.314754272461,114288.06420255138,176.28719505924514,0,5.0
2022-08-01,SHRIRAMFIN,sell,422.6176811227846,257.0700090942383,108642.33112962013,167.578757704699,0,5.0
2022-08-01,TITAN,sell,51.624114687709714,2352.590450317383,121450.39922039521,187.33496246330716,0,5.0
2022-08-01,ULTRACEMCO,sell,17.914906120380998,6506.169604248047,116557.41766338015,179.78763020091026,0,5.0
2022-08-01,EICHERMOT,sell,37.27600158095385,2961.3362181396487,110386.77354910945,170.26952741210357,0,5.0
2022-08-01,ITC,sell,403.76879627967867,260.7720450897217,105291.61474926703,162.41034054536513,0,5.0
2022-08-01,RELIANCE,buy,97.20562379974994,1172.173440307617,113941.85046660087,78.7753297213918,0,5.0
2022-08-01,HEROMOTOCO,buy,45.42796271704083,2508.1875490722655,113941.85046660088,78.7753297213918,0,5.0
2022-08-01,BEL,buy,1257.4917666453111,90.61041470718384,113941.85046660088,78.7753297213918,0,5.0
2022-08-01,NTPC,buy,825.281336025172,138.06425214385985,113941.85046660087,78.7753297213918,0,5.0
2022-08-01,POWERGRID,buy,828.8012171027585,137.4778995437622,113941.85046660088,78.7753297213918,0,5.0
2022-08-01,SBIN,buy,2.2753595837852276,505.05638758850097,1149.1848918514422,0.794505428828147,0,5.0
2022-08-01,NESTLEIND,buy,123.09690518291849,925.6272551879882,113941.85046660088,78.7753297213918,0,5.0
2022-08-01,HDFCLIFE,buy,210.54095085908236,541.1861683044433,113941.85046660087,78.7753297213918,0,5.0
2022-08-01,TCS,buy,3.935862818106151,2960.20226184082,11650.950016453013,8.055051110325552,0,5.0
2022-09-01,POWERGRID,sell,12.388936239558216,143.21836354064942,1774.3231742389748,2.7368602110615003,0,5.0
2022-09-01,ASIANPAINT,sell,35.366407142568086,3336.6428557128907,118005.06972448315,182.02060634810695,0,5.0
2022-09-01,TCS,sell,38.49123822902069,2807.4444525146487,108062.0132364839,166.68362824094004,0,5.0
2022-09-01,RELIANCE,sell,97.20562379974994,1168.2294358520508,113558.47105322855,175.16181131312956,0,5.0
2022-09-01,HEROMOTOCO,sell,45.42796271704083,2537.3012713623048,115264.42755734707,177.79321721804658,0,5.0
2022-09-01,BEL,sell,1257.4917666453111,102.41503731155396,128786.06619995144,198.65009116671052,0,5.0
2022-09-01,NTPC,sell,825.281336025172,144.34446341705322,119124.79161666225,183.74775636150514,0,5.0
2022-09-01,NESTLEIND,sell,123.09690518291849,947.6453250732422,116652.20672757688,179.93384055424963,0,5.0
2022-09-01,HDFCLIFE,sell,210.54095085908236,569.902772277832,119987.87157260183,185.07904100269732,0,5.0
2022-09-01,ONGC,buy,1088.9455972060139,107.48215049743652,117042.21456241768,80.91881082955514,0,5.0
2022-09-01,WIPRO,buy,610.8906476606743,191.59274251556394,117042.21456241766,80.91881082955514,0,5.0
2022-09-01,HINDALCO,buy,282.7136117225905,413.99568223571777,117042.21456241766,80.91881082955514,0,5.0
2022-09-01,AXISBANK,buy,157.62093851724148,742.5549908752441,117042.21456241766,80.91881082955514,0,5.0
2022-09-01,TATACONSUM,buy,143.07359004944666,818.0560404052734,117042.21456241766,80.91881082955514,0,5.0
2022-09-01,SBIN,buy,6.334208085126726,504.63054611206053,3196.434885184929,2.2099010239193078,0,5.0
2022-09-01,SHRIRAMFIN,buy,470.4412596466327,248.7924095993042,117042.21456241766,80.91881082955514,0,5.0
2022-09-01,SUNPHARMA,buy,139.04585448142902,841.7526361999511,117042.21456241766,80.91881082955514,0,5.0
2022-09-01,BAJFINANCE,buy,165.42845105147916,707.5095838623047,117042.21456241766,80.91881082955514,0,5.0
2022-09-29,WIPRO,sell,2.718974841541615,183.17065218353272,498.03639499579515,0.7682117964271808,0,5.0
2022-09-29,SBIN,sell,231.93644432381774,493.2080455627442,114392.92039972238,176.44893377634412,0,5.0
2022-09-29,ONGC,sell,1088.9455972060139,100.95774325180054,109937.49001790336,169.57651599349853,0,5.0
2022-09-29,AXISBANK,sell,157.62093851724148,716.741730621338,112973.50425500717,174.25951100048732,0,5.0
2022-09-29,SHRIRAMFIN,sell,470.4412596466327,226.10605240631105,106369.61610775252,164.0731374181922,0,5.0
2022-09-29,SUNPHARMA,sell,139.04585448142902,897.6730702819825,124817.71910232614,192.52899021235336,0,5.0
2022-09-29,BAJFINANCE,sell,165.42845105147916,699.2681719665528,115678.8505580262,178.43245692227566,0,5.0
2022-09-29,RELIANCE,buy,104.99839941901371,1062.0224450683593,111510.65687924513,77.09448922533,0,5.0
2022-09-29,JSWSTEEL,buy,182.94364087742983,609.5355725097656,111510.65687924516,77.09448922533,0,5.0
2022-09-29,M&M,buy,90.88011329610104,1227.0083391723633,111510.65687924516,77.09448922533,0,5.0
2022-09-29,TATACONSUM,buy,1.1148756576037702,773.3673864440917,862.2084735311659,0.596100173139673,0,5.0
2022-09-29,POWERGRID,buy,29.101351378202896,131.88510820770264,3838.0348755046653,2.6534803635535553,0,5.0
2022-09-29,TATASTEEL,buy,1240.5739540827365,89.8863437461853,111510.65687924516,77.09448922533,0,5.0
2022-09-29,HINDALCO,buy,23.464153225667292,364.20233486938474,8545.699390521033,5.908191629602503,0,5.0
2022-09-29,ULTRACEMCO,buy,18.3523420767419,6076.09951977539,111510.65687924513,77.09448922533,0,5.0
2022-09-29,NESTLEIND,buy,122.22260352322068,912.3570736083984,111510.65687924514,77.09448922533,0,5.0
2022-10-31,NESTLEIND,sell,2.199079165650026,983.7418307800293,2163.3261644467757,3.33689002600224,0,5.0
2022-10-31,JSWSTEEL,sell,5.066902503806618,663.7864100036621,3363.3410228403623,5.187890433539985,0,5.0
2022-10-31,M&M,sell,1.0022777364295747,1313.6960948486328,1316.6883483012596,2.030967076998034,0,5.0
2022-10-31,POWERGRID,sell,845.5136322414032,144.5168930282593,122191.00314456584,188.4773301230701,0,5.0
2022-10-31,WIPRO,sell,608.1716728191327,180.2561555709839,109626.68766955112,169.09710920162442,0,5.0
2022-10-31,HINDALCO,sell,306.1777649482578,397.60511410522463,121737.84516873468,187.7783424463131,0,5.0
2022-10-31,TATACONSUM,sell,144.18846570705043,750.7110655822754,108243.8767356132,166.9641492767006,0,5.0
2022-10-31,RELIANCE,sell,104.99839941901371,1163.3018471679688,122144.83199381884,188.406111989185,0,5.0
2022-10-31,TATASTEEL,sell,1240.5739540827365,94.15421617507936,116805.26825387894,180.1699350872313,0,5.0
2022-10-31,ULTRACEMCO,sell,18.3523420767419,6599.836614501954,121122.459199946,186.8291211337156,0,5.0
2022-10-31,BAJAJ-AUTO,buy,34.272964460710725,3448.499266845703,118190.29281538977,81.7125511677494,0,5.0
2022-10-31,HEROMOTOCO,buy,50.007876013228,2363.433567626953,118190.29281538978,81.7125511677494,0,5.0
2022-10-31,HINDUNILVR,buy,49.25999941548852,2399.3157575683595,118190.29281538978,81.7125511677494,0,5.0
2022-10-31,LTIM,buy,25.97625982935335,4549.934963378906,118190.29281538978,81.7125511677494,0,5.0
2022-10-31,ADANIENT,buy,35.33832608539465,3344.535689941406,118190.29281538977,81.7125511677494,0,5.0
2022-10-31,BAJAJFINSV,buy,70.11891163438521,1685.5694143066405,118190.29281538977,81.7125511677494,0,5.0
2022-10-31,BAJFINANCE,buy,167.9210186124957,703.8445442504883,118190.2928153898,81.7125511677494,0,5.0
2022-11-29,HINDUNILVR,sell,1.0158342612877154,2491.9916621093753,2531.4505092140234,3.9047149220213617,0,5.0
2022-11-29,JSWSTEEL,sell,11.246627308916219,721.5025936279297,8114.470772949756,12.516418944836785,0,5.0
2022-11-29,LTIM,sell,0.4543343116017729,4710.618610107422,2140.1956634416556,3.301211662115693,0,5.0
2022-11-29,M&M,sell,89.87783555967147,1224.5641694335939,110061.17705261822,169.76730092425416,0,5.0
2022-11-29,NESTLEIND,sell,120.02352435757066,972.0413851013184,116667.83286127482,179.95794357234217,0,5.0
2022-11-29,BAJAJ-AUTO,sell,34.272964460710725,3434.028220703125,117694.3271652359,181.54129177980573,0,5.0
2022-11-29,HEROMOTOCO,sell,50.007876013228,2494.6112012939457,124750.20765551738,192.42485507212373,0,5.0
2022-11-29,ADANIENT,sell,35.338326085394655,3871.150370605469,136799.97412205243,211.01139380060977,0,5.0
2022-11-29,BAJAJFINSV,sell,70.11891163438521,1628.503456176758,114188.889939949,176.1342206196286,0,5.0
2022-11-29,BAJFINANCE,buy,13.469114866867075,663.455829711914,8936.162779482373,6.178144084153675,0,5.0
2022-11-29,HINDALCO,buy,281.35471836152584,427.73173384094235,120344.34150910546,83.2017835734766,0,5.0
2022-11-29,TATACONSUM,buy,153.20432465001983,785.5153030700683,120344.34150910546,83.2017835734766,0,5.0
2022-11-29,AXISBANK,buy,135.12167981967255,890.636807281494,120344.34150910545,83.2017835734766,0,5.0
2022-11-29,TITAN,buy,46.459345936595376,2590.315018066406,120344.34150910546,83.2017835734766,0,5.0
2022-11-29,TRENT,buy,82.80869561096463,1453.2814533691405,120344.34150910545,83.2017835734766,0,5.0
2022-11-29,BEL,buy,1178.8672914165047,102.08472351837158,120344.34150910546,83.2017835734766,0,5.0
2022-12-27,HINDALCO,sell,26.49873040996757,461.6591001434326,12233.380036009043,18.86975921492296,0,5.0
2022-12-27,JSWSTEEL,sell,166.63011106470697,753.4140591125489,125541.46834763572,193.64535984615654,0,5.0
2022-12-27,HINDUNILVR,sell,48.24416515420081,2453.2527404785155,118355.13037664123,182.56056833714013,0,5.0
2022-12-27,LTIM,sell,25.521925517751576,4210.322984619141,107455.54961912723,165.74816948804863,0,5.0
2022-12-27,AXISBANK,sell,135.12167981967255,929.272131011963,125564.81135194327,193.68136599240063,0,5.0
2022-12-27,TITAN,sell,46.459345936595376,2478.6231055908206,115155.2083090823,177.62474857648348,0,5.0
2022-12-27,TRENT,sell,82.80869561096463,1342.1159598388672,111138.87199291438,171.42962515277245,0,5.0
2022-12-27,BEL,sell,1178.8672914165047,96.31432942581178,113541.81265480368,175.1361160460604,0,5.0
2022-12-27,BAJFINANCE,buy,2.38808274081685,640.8501721801757,1530.4032356329842,1.058066189025179,0,5.0
2022-12-27,ITC,buy,416.44773409057535,282.8069211730957,117774.30150766767,81.42494962105827,0,5.0
2022-12-27,NTPC,buy,792.9063850054423,148.53493897247313,117774.30150766765,81.42494962105827,0,5.0
2022-12-27,TECHM,buy,127.89143864908155,920.8927724304199,117774.30150766767,81.42494962105827,0,5.0
2022-12-27,ICICIBANK,buy,133.93635992700248,879.3303145751953,117774.30150766768,81.42494962105827,0,5.0
2022-12-27,KOTAKBANK,buy,324.2283269295944,363.2449472351074,117774.30150766768,81.42494962105827,0,5.0
2022-12-27,TATACONSUM,buy,1.971094108915768,758.9752452392578,1496.0116347040014,1.03428906330945,0,5.0
2022-12-27,BHARTIARTL,buy,147.16409921974628,800.292341217041,117774.30150766767,81.42494962105827,0,5.0
2022-12-27,RELIANCE,buy,101.33496572249891,1162.2276740112304,117774.30150766767,81.42494962105827,0,5.0
2023-01-24,ITC,sell,16.265255272485895,287.44284608459475,4675.331267815806,7.211610774291453,0,5.0
2023-01-24,HINDALCO,sell,254.85598795155823,475.03836297607427,121066.37131115833,186.7426066174346,0,5.0
2023-01-24,TATACONSUM,sell,155.1754187589356,722.1993276062012,112067.58308871399,172.86214459599924,0,5.0
2023-01-24,NTPC,sell,792.9063850054423,149.1499513168335,118261.94872236815,182.41683738345392,0,5.0
2023-01-24,TECHM,sell,127.89143864908155,975.605337097168,124771.57011507898,192.45780626525107,0,5.0
2023-01-24,KOTAKBANK,sell,324.2283269295944,350.7950957641602,113737.7069947205,175.4382793905258,0,5.0
2023-01-24,BHARTIARTL,sell,147.16409921974628,761.0780108642579,112003.35990479478,172.76308153959093,0,5.0
2023-01-24,ADANIENT,buy,33.4819885969678,3439.0035545654296,115144.67779889145,79.60692161946147,0,5.0
2023-01-24,BAJFINANCE,buy,15.832553691476031,576.8460181274414,9132.945553716872,6.314192672625184,0,5.0
2023-01-24,ICICIBANK,buy,1.505969085336663,850.1380523986816,1280.2816251807346,0.8851410324375472,0,5.0
2023-01-24,RELIANCE,buy,3.017148564703885,1103.4244833984374,3329.1955963447213,2.301687042426394,0,5.0
2023-01-24,ULTRACEMCO,buy,17.186649546503272,6699.658213623046,115144.67779889145,79.60692161946147,0,5.0
2023-01-24,MARUTI,buy,13.626784091736573,8449.879078124999,115144.67779889144,79.60692161946147,0,5.0
2023-01-24,NESTLEIND,buy,123.43284117110694,932.8528510437011,115144.67779889144,79.60692161946147,0,5.0
2023-01-24,DRREDDY,buy,138.04473944421625,834.1113052368164,115144.67779889145,79.60692161946147,0,5.0
2023-01-24,BEL,buy,1189.5681563541734,96.79535988235473,115144.67779889144,79.60692161946147,0,5.0
2023-02-22,ICICIBANK,sell,0.950466776766092,818.5647560424806,778.0186052500189,1.2000791034517324,0,5.0
2023-02-22,RELIANCE,sell,2.9253584117764295,1085.4167369384766,3175.2329816858964,4.897737308849388,0,5.0
2023-02-22,ITC,sell,67.43713235210176,330.8545095214844,22311.87934789005,34.41565533710413,0,5.0
2023-02-22,BAJFINANCE,sell,199.61076991165564,610.0874428405762,121780.02417884061,187.84340277814943,0,5.0
2023-02-22,ULTRACEMCO,sell,17.186649546503272,7082.222254150391,121719.6718925292,187.75031050868552,0,5.0
2023-02-22,MARUTI,sell,13.626784091736573,8402.762337402344,114502.62814595748,176.61815591686252,0,5.0
2023-02-22,NESTLEIND,sell,123.43284117110694,902.1353765869142,111353.13265308933,171.76011820169518,0,5.0
2023-02-22,DRREDDY,sell,138.04473944421625,877.1580643615723,121087.05644618631,186.774513050175,0,5.0
2023-02-22,BEL,sell,1189.5681563541734,91.84567101287843,109256.68553590174,168.5263878514808,0,5.0
2023-02-22,ADANIENT,buy,45.029214009729515,1403.6269998779296,63204.22056733788,43.69714283721468,0,5.0
2023-02-22,SBIN,buy,225.5470737756913,488.59176901245115,110200.44377164684,76.18865463396885,0,5.0
2023-02-22,NTPC,buy,700.5483900410148,157.30596963500975,110200.44377164684,76.18865463396885,0,5.0
2023-02-22,SHRIRAMFIN,buy,482.10491850077346,228.5818699264526,110200.44377164684,76.18865463396885,0,5.0
2023-02-22,WIPRO,buy,595.9835367972214,184.9051810455322,110200.44377164682,76.18865463396885,0,5.0
2023-02-22,KOTAKBANK,buy,324.8482046664324,339.23673330688473,110200.44377164684,76.18865463396885,0,5.0
2023-02-22,LTIM,buy,23.78293816661832,4633.5924938964845,110200.44377164687,76.18865463396885,0,5.0
2023-03-23,ICICIBANK,sell,0.8006149863399878,834.3654454956055,668.005479748022,1.0303859211428945,0,5.0
2023-03-23,SHRIRAMFIN,sell,13.963960206517475,238.27728613281252,3327.2945416755724,5.132289412552923,0,5.0
2023-03-23,ITC,sell,332.7453464659877,328.09633729553224,109172.52942762345,168.3965786331779,0,5.0
2023-03-23,ADANIENT,sell,78.51120260669731,1790.6467092285156,140585.8265852558,216.85100020485714,0,5.0
2023-03-23,NTPC,sell,700.5483900410148,160.92767462158204,112737.62336919358,173.895669159099,0,5.0
2023-03-23,WIPRO,sell,595.9835367972214,168.99004766845704,100715.28629297807,155.3514397506225,0,5.0
2023-03-23,KOTAKBANK,sell,324.8482046664324,334.742518157959,108740.50604913363,167.73019067634797,0,5.0
2023-03-23,LTIM,sell,23.78293816661832,4433.025542480469,105430.37236785263,162.62437156902658,0,5.0
2023-03-23,BAJFINANCE,buy,194.2981367429276,574.6784920349121,111658.96022861877,77.19702086930323,0,5.0
2023-03-23,RELIANCE,buy,7.336256908186889,1026.6262157592773,7531.593667489762,5.207075118180253,0,5.0
2023-03-23,HINDUNILVR,buy,47.4479584785969,2353.29324609375,111658.96022861877,77.19702086930323,0,5.0
2023-03-23,MARUTI,buy,13.7609839248018,8114.169803466796,111658.96022861877,77.19702086930323,0,5.0
2023-03-23,NESTLEIND,buy,121.24393078264866,920.9447393188476,111658.96022861877,77.19702086930323,0,5.0
2023-03-23,SUNPHARMA,buy,117.41370371019859,950.9874631347656,111658.96022861877,77.19702086930323,0,5.0
2023-03-23,HCLTECH,buy,119.68585473806036,932.9336409301758,111658.96022861877,77.19702086930323,0,5.0
2023-03-23,SBIN,buy,4.589654331678654,485.1853119964599,2226.8328688714114,1.5395527873333772,0,5.0
2023-04-26,NESTLEIND,sell,6.616387088608294,1020.8497323913575,6754.336988803409,10.418438098057134,0,5.0
2023-04-26,ICICIBANK,sell,133.69124724923307,892.3989752502442,119305.93204514263,184.027162074354,0,5.0
2023-04-26,RELIANCE,sell,108.76301278361325,1077.7516260986329,117219.51388692558,180.80890120521462,0,5.0
2023-04-26,SBIN,sell,230.13672810736995,535.3682293395997,123207.89263285152,190.0458630825348,0,5.0
2023-04-26,SHRIRAMFIN,sell,468.140958294256,265.79952886962894,124431.64615918986,191.9334799400546,0,5.0
2023-04-26,BAJFINANCE,sell,194.2981367429276,596.0424668884277,115809.94073607962,178.63466106275268,0,5.0
2023-04-26,HINDUNILVR,sell,47.4479584785969,2375.25342956543,112700.92610216541,173.83906431312596,0,5.0
2023-04-26,MARUTI,sell,13.7609839248018,8255.211149902345,113599.82792965075,175.22560351918142,0,5.0
2023-04-26,SUNPHARMA,sell,117.4137037101986,943.8176500244141,110817.12591642248,170.93333786554047,0,5.0
2023-04-26,ADANIENT,buy,63.443169024089585,1846.2913366699217,117134.57334006214,80.98266439285796,0,5.0
2023-04-26,HCLTECH,buy,5.910494649691107,932.6272133789062,5512.288154832351,3.8109993399091318,0,5.0
2023-04-26,TECHM,buy,128.88839214014752,908.8062268066406,117134.57334006212,80.98266439285796,0,5.0
2023-04-26,ADANIPORTS,buy,178.94490309044903,654.584575012207,117134.57334006214,80.98266439285796,0,5.0
2023-04-26,HINDALCO,buy,281.03850035767147,416.7919099731445,117134.57334006215,80.98266439285796,0,5.0
2023-04-26,LTIM,buy,29.199723646488852,4011.4959565429685,117134.57334006214,80.98266439285796,0,5.0
2023-04-26,TATACONSUM,buy,160.7707852406861,728.5812106018066,117134.57334006214,80.98266439285796,0,5.0
2023-04-26,INFY,buy,103.99180473096088,1126.3827341308593,117134.57334006214,80.98266439285796,0,5.0
2023-04-26,ASIANPAINT,buy,41.47691140474151,2824.09102734375,117134.57334006214,80.98266439285796,0,5.0
2023-05-25,NESTLEIND,sell,114.62754369404037,1042.6323536987306,119514.3856804214,184.3486978963106,0,5.0
2023-05-25,HCLTECH,sell,125.59634938775146,992.4841005249024,124652.37985131388,192.2739575193288,0,5.0
2023-05-25,ADANIENT,sell,63.443169024089585,2532.7068900146487,160682.95131167563,247.8504380857663,0,5.0
2023-05-25,TECHM,sell,128.88839214014752,1000.6650665893555,128974.11150351568,198.94014751984508,0,5.0
2023-05-25,ADANIPORTS,sell,178.94490309044903,712.7614219665528,127545.02358041544,196.73580620726594,0,5.0
2023-05-25,LTIM,sell,29.19972364648885,4730.348974365234,138124.8828029168,213.05504058637808,0,5.0
2023-05-25,INFY,sell,103.99180473096088,1195.6568773803713,124338.51651777001,191.7898292152188,0,5.0
2023-05-25,BAJAJ-AUTO,buy,29.40809588007192,4361.515116943359,128263.8547414534,88.67705243699224,0,5.0
2023-05-25,SUNPHARMA,buy,139.5343394443077,919.2278778991699,128263.85474145341,88.67705243699224,0,5.0
2023-05-25,NTPC,buy,796.6876571735091,160.99641256713866,128263.85474145341,88.67705243699224,0,5.0
2023-05-25,RELIANCE,buy,115.0982396978661,1114.3858939819336,128263.8547414534,88.67705243699224,0,5.0
2023-05-25,SBIN,buy,233.2058085472325,550.0028302917481,128263.85474145341,88.67705243699224,0,5.0
2023-05-25,TATASTEEL,buy,1318.0799262853652,97.31113582992553,128263.85474145341,88.67705243699224,0,5.0
2023-05-25,WIPRO,buy,695.5218226973824,184.41384663391113,128263.85474145341,88.67705243699224,0,5.0
2023-05-25,HINDALCO,buy,42.34621308859778,396.629306854248,16795.74914523282,11.611981650423782,0,5.0
2023-05-25,ASIANPAINT,buy,0.8357275176753536,3031.3366882324217,2533.371485694709,1.7514826490453645,0,5.0
2023-05-25,TATACONSUM,buy,5.88347351263562,769.6404262390137,4528.159062030825,3.1306076009968438,0,5.0
2023-06-22,NTPC,sell,18.26606076986288,170.0524129486084,3106.1877089810982,4.791236270948723,0,5.0
2023-06-22,TATASTEEL,sell,73.63524682343078,106.37071534347535,7832.633879101703,12.081690823161466,0,5.0
2023-06-22,HINDALCO,sell,1.8734260964718412,411.71951333618165,771.326080710689,1.189756009897425,0,5.0
2023-06-22,TATACONSUM,sell,7.086497564733485,829.5690167846681,5878.738817222902,9.067844344072755,0,5.0
2023-06-22,ASIANPAINT,sell,0.5545128891413228,3169.9811110839846,1757.7953844306007,2.7113664053331674,0,5.0
2023-06-22,SUNPHARMA,sell,139.5343394443077,962.3296906433106,134278.03771155933,207.12135419738684,0,5.0
2023-06-22,RELIANCE,sell,115.09823969786609,1156.8684199829102,133153.5187020846,205.38680472055117,0,5.0
2023-06-22,SBIN,sell,233.2058085472325,542.4953402709962,126513.06446100368,195.14402862448622,0,5.0
2023-06-22,BAJAJ-AUTO,buy,1.1825083502825036,4331.55580883789,5122.100913665489,3.5412378040895103,0,5.0
2023-06-22,WIPRO,buy,45.17515466809312,178.89219680786132,8081.48265971009,5.587248746174979,0,5.0
2023-06-22,ICICIBANK,buy,146.60279859025195,903.8361526794433,132504.90944985265,91.60916633239138,0,5.0
2023-06-22,INFY,buy,111.18628423002346,1191.7379051513672,132504.90944985265,91.60916633239138,0,5.0
2023-06-22,KOTAKBANK,buy,361.76134846311334,366.27713273620606,132504.90944985265,91.60916633239138,0,5.0
2023-07-21,ASIANPAINT,sell,1.0380822347817937,3433.14975390625,3563.8917688755655,5.497236197091693,0,5.0
2023-07-21,WIPRO,sell,1.747244093868919,189.18473348236085,330.55190822722057,0.5098701174917339,0,5.0
2023-07-21,TATACONSUM,sell,159.56776118858824,839.8658677368164,134015.51621347477,206.71641971133187,0,5.0
2023-07-21,BAJAJ-AUTO,sell,30.590604230354426,4701.920812744141,143834.59870512242,221.86217025480167,0,5.0
2023-07-21,NTPC,sell,778.4215964036464,179.82236683654787,139977.61386198772,215.91284348890946,0,5.0
2023-07-21,TATASTEEL,sell,1244.4446794619344,111.6365900001526,138925.56045896327,214.29007085061357,0,5.0
2023-07-21,ICICIBANK,sell,146.60279859025195,972.4265683898926,142560.4563494733,219.89682957333315,0,5.0
2023-07-21,INFY,sell,111.18628423002347,1237.0425462646485,137542.16415361318,212.1562080012676,0,5.0
2023-07-21,KOTAKBANK,sell,361.7613484631134,392.635432220459,142040.3234144706,219.09453427846267,0,5.0
2023-07-21,HDFCBANK,buy,171.49851041841453,815.9713804321289,139937.87628816752,96.74805438009831,0,5.0
2023-07-21,POWERGRID,buy,862.6588753651986,162.2169321899414,139937.87628816752,96.74805438009831,0,5.0
2023-07-21,HINDALCO,buy,6.7432364951578485,426.30905630493163,2874.702786691717,1.9874669311169693,0,5.0
2023-07-21,GRASIM,buy,78.82839705392247,1775.221639892578,139937.87628816752,96.74805438009831,0,5.0
2023-07-21,BAJAJFINSV,buy,85.75458832013905,1631.8412697143553,139937.87628816752,96.74805438009831,0,5.0
2023-07-21,LTIM,buy,29.24962028686571,4784.263006347656,139937.87628816755,96.74805438009831,0,5.0
2023-07-21,TECHM,buy,125.08752029601597,1118.7197248535156,139937.87628816752,96.74805438009831,0,5.0
2023-07-21,ITC,buy,323.432563642102,432.6647716369629,139937.87628816755,96.74805438009831,0,5.0
2023-08-21,POWERGRID,sell,42.17724889586461,167.31818504333498,7057.02073537707,10.885322098987675,0,5.0
2023-08-21,HINDALCO,sell,18.618191251088874,443.3636564941406,8254.629350389981,12.732610921250364,0,5.0
2023-08-21,LTIM,sell,1.7808976880502008,4997.738650146484,8900.461207525004,13.728794445476115,0,5.0
2023-08-21,WIPRO,sell,738.9497332716065,193.81265213012696,143217.80759622,220.9107815399383,0,5.0
2023-08-21,HDFCBANK,sell,171.49851041841453,773.2001816101075,132602.67940138103,204.53714543261947,0,5.0
2023-08-21,GRASIM,sell,78.82839705392247,1786.944825744629,140861.99623724993,217.27698671228666,0,5.0
2023-08-21,BAJAJFINSV,sell,85.75458832013905,1475.9102352905275,126566.07462481874,195.22579580773316,0,5.0
2023-08-21,TECHM,sell,125.08752029601597,1139.8114010009767,142576.18175634008,219.92108571842624,0,5.0
2023-08-21,ITC,sell,323.432563642102,394.64498602294924,127641.03955790399,196.88390905134185,0,5.0
2023-08-21,KOTAKBANK,buy,390.9996332009189,351.4551807861328,137418.84677394058,95.00648725837323,0,5.0
2023-08-21,HINDUNILVR,buy,56.16623125640442,2446.6453187255856,137418.84677394055,95.00648725837323,0,5.0
2023-08-21,JSWSTEEL,buy,174.64467688921988,786.8481835327148,137418.84677394055,95.00648725837323,0,5.0
2023-08-21,M&M,buy,90.64860985448873,1515.9509560546874,137418.84677394055,95.00648725837323,0,5.0
2023-08-21,ASIANPAINT,buy,3.481449144804429,3108.918672729492,10823.54225444061,7.483010907365433,0,5.0
2023-08-21,BAJFINANCE,buy,197.05948400208038,697.3470344238281,137418.84677394055,95.00648725837323,0,5.0
2023-08-21,ICICIBANK,buy,146.14899409309453,940.2654299926758,137418.84677394055,95.00648725837323,0,5.0
2023-09-18,POWERGRID,sell,29.771950080752738,180.58449778747558,5376.352653486527,8.292923110962192,0,5.0
2023-09-18,HINDALCO,sell,10.907782936128678,477.9921770782471,5213.834912737101,8.042242544588209,0,5.0
2023-09-18,BAJFINANCE,sell,5.681594026199427,746.1149761047363,4239.122391094598,6.538766764956931,0,5.0
2023-09-18,ASIANPAINT,sell,44.20149294329817,3129.234648803711,138316.84324702137,213.35113597035047,0,5.0
2023-09-18,LTIM,sell,27.46872259881551,5353.281004882813,147047.79091663435,226.81845896356606,0,5.0
2023-09-18,KOTAKBANK,sell,390.9996332009188,358.68305654907226,140244.94354607168,216.32519451167002,0,5.0
2023-09-18,HINDUNILVR,sell,56.16623125640442,2373.527486328125,133312.09369053776,205.63140366547168,0,5.0
2023-09-18,JSWSTEEL,sell,174.64467688921988,799.9580972290039,139708.42341547454,215.49762227500875,0,5.0
2023-09-18,M&M,sell,90.64860985448873,1615.7229843750001,146463.04244353957,225.916495413336,0,5.0
2023-09-18,ADANIENT,buy,57.13922402839314,2501.4825380859374,142932.77114680584,98.81861782104656,0,5.0
2023-09-18,ITC,buy,358.4169931339936,398.78904707336426,142932.77114680587,98.81861782104656,0,5.0
2023-09-18,HDFCBANK,buy,180.19040472690938,793.2318669433594,142932.77114680584,98.81861782104656,0,5.0
2023-09-18,SBIN,buy,245.3411250497186,582.5879013061523,142932.77114680584,98.81861782104656,0,5.0
2023-09-18,TATACONSUM,buy,164.4955817164174,868.9155639038086,142932.77114680584,98.81861782104656,0,5.0
2023-09-18,SHRIRAMFIN,buy,389.39261922978295,367.0659485778808,142932.77114680584,98.81861782104656,0,5.0
2023-09-18,ICICIBANK,buy,0.4911034578012368,974.7181946411132,478.68747577002966,0.33094744014481486,0,5.0
2023-10-18,ITC,sell,5.3075495334243605,398.0379725189209,2112.606255327977,3.258655517660526,0,5.0
2023-10-18,HINDALCO,sell,5.017471489455425,478.5347828369141,2401.03462959696,3.703550874233046,0,5.0
2023-10-18,POWERGRID,sell,790.7096763885812,186.36032546997072,147356.91264403122,227.2952734291439,0,5.0
2023-10-18,BAJFINANCE,sell,191.37788997588095,777.5365133361817,148803.29730148186,229.5262946299826,0,5.0
2023-10-18,HDFCBANK,sell,180.19040472690938,739.2708656921387,133209.51649187916,205.47318026082536,0,5.0
2023-10-18,TATACONSUM,sell,164.4955817164174,882.5810107116699,145180.67676887976,223.93847041655792,0,5.0
2023-10-18,SHRIRAMFIN,sell,389.39261922978295,357.8215490417481,139333.0701982245,214.91864697879407,0,5.0
2023-10-18,ADANIENT,buy,1.3501853755731772,2405.4198823242186,3247.762747227113,2.245387276246343,0,5.0
2023-10-18,ICICIBANK,buy,4.804923589617545,928.9944775085448,4463.747479605233,3.0860757312521097,0,5.0
2023-10-18,KOTAKBANK,buy,401.8983594065028,350.0675854797363,140691.5882857017,97.26914396112217,0,5.0
2023-10-18,RELIANCE,buy,121.91228141943377,1154.0394999389648,140691.5882857017,97.26914396112217,0,5.0
2023-10-18,SBIN,buy,9.352679123639772,552.395016998291,5166.3733434825535,3.5718461823291525,0,5.0
2023-10-18,JSWSTEEL,buy,181.1632571819257,776.6011192016601,140691.5882857017,97.26914396112217,0,5.0
2023-10-18,BAJAJFINSV,buy,86.46269186074265,1627.194171936035,140691.5882857017,97.26914396112217,0,5.0
2023-10-18,NESTLEIND,buy,124.44258685860429,1130.5742819824218,140691.5882857017,97.26914396112217,0,5.0
2023-11-17,RELIANCE,sell,2.7576315033248155,1168.5372652587891,3222.3951754866634,4.97048410805357,0,5.0
2023-11-17,HINDALCO,sell,10.170450328637411,491.0641900482178,4994.343953057961,7.703681856797388,0,5.0
2023-11-17,KOTAKBANK,sell,401.8983594065028,351.95159120178226,141448.76709450444,218.18206975214449,0,5.0
2023-11-17,JSWSTEEL,sell,181.1632571819257,760.3954299621582,137755.71283819544,212.48560284119492,0,5.0
2023-11-17,BAJAJFINSV,sell,86.46269186074265,1613.2878012084961,139489.20603858525,215.15948358353904,0,5.0
2023-11-17,NESTLEIND,sell,124.44258685860429,1190.2166057128907,148113.63333697958,228.462500902406,0,5.0
2023-11-17,ADANIENT,buy,4.635296888453684,2207.9461948242188,10234.486126741853,7.075758519468873,0,5.0
2023-11-17,ICICIBANK,buy,2.1479900671386147,907.4368290710448,1949.1652954003653,1.3475833348139798,0,5.0
2023-11-17,ITC,buy,6.573086696048402,387.4971490631103,2547.052355263415,1.7609411141022056,0,5.0
2023-11-17,SBIN,buy,1.9202526356807574,543.1345296936034,1042.9555121733706,0.7210622262123361,0,5.0
2023-11-17,BAJAJ-AUTO,buy,25.570053720107655,5450.749403320312,139375.95505774513,96.35956209194693,0,5.0
2023-11-17,ASIANPAINT,buy,44.94212860727966,3101.2317257080076,139375.95505774513,96.35956209194693,0,5.0
2023-11-17,HINDUNILVR,buy,57.31060662713695,2431.9399716796875,139375.95505774513,96.35956209194693,0,5.0
2023-11-17,BEL,buy,974.8561755577737,142.97078743743896,139375.95505774513,96.35956209194693,0,5.0
2023-12-18,BEL,sell,49.81665819346168,168.83212191009522,8410.652109272067,12.973273099935804,0,5.0
2023-12-18,SBIN,sell,6.706605632163616,624.9368869628906,4191.205245852119,6.46485546731633,0,5.0
2023-12-18,HINDALCO,sell,283.54062783964486,558.7921194458008,158440.2683795082,244.39114173423866,0,5.0
2023-12-18,ICICIBANK,sell,153.59301120765193,1004.4746232604981,154280.28206825163,237.97444088788816,0,5.0
2023-12-18,ADANIENT,sell,63.12470629242,2976.4700048828126,187888.79484642547,289.8149413733693,0,5.0
2023-12-18,BAJAJ-AUTO,sell,25.570053720107655,6251.91983959961,159861.92615236886,246.58402217945832,0,5.0
2023-12-18,ASIANPAINT,sell,44.94212860727966,3257.6386763916016,146405.21635043964,225.8272997495111,0,5.0
2023-12-18,HINDUNILVR,sell,57.31060662713694,2435.946212524414,139605.55515085082,215.3389499065715,0,5.0
2023-12-18,NESTLEIND,buy,131.31807230798373,1190.4883793334961,156332.6390791304,108.08280837323866,0,5.0
2023-12-18,POWERGRID,buy,732.1984170989754,213.51130435180661,156332.63907913037,108.08280837323866,0,5.0
2023-12-18,TATACONSUM,buy,166.8925358302789,936.7263688659667,156332.6390791304,108.08280837323866,0,5.0
2023-12-18,HDFCBANK,buy,193.91094213240558,806.2084447631836,156332.6390791304,108.08280837323866,0,5.0
2023-12-18,ITC,buy,32.68301105856871,398.4362096099853,13022.09504481735,9.003011857521848,0,5.0
2023-12-18,RELIANCE,buy,5.7251772918644095,1251.8646331787108,7167.146970362925,4.955109676031722,0,5.0
2023-12-18,SHRIRAMFIN,buy,393.7692312395515,397.015883102417,156332.63907913037,108.08280837323866,0,5.0
2023-12-18,TATASTEEL,buy,1194.1436973826928,130.9161028289795,156332.63907913037,108.08280837323866,0,5.0
2024-01-16,ITC,sell,392.36554135518634,416.236815322876,163316.98337611897,251.91338313236253,0,5.0
2024-01-16,SBIN,sell,249.90745117687555,613.7583969726563,153382.79662584153,236.5900864292407,0,5.0
2024-01-16,RELIANCE,sell,124.87982720797335,1363.8432499389648,170316.50939113874,262.71002070376437,0,5.0
2024-01-16,BEL,sell,925.0395173643121,182.61633353424074,168927.3250353543,260.56722989520364,0,5.0
2024-01-16,NESTLEIND,sell,131.31807230798373,1241.3670430908203,163013.9271253483,251.44592455069608,0,5.0
2024-01-16,POWERGRID,sell,732.1984170989754,219.92175291442874,161026.3593695767,248.38013857295658,0,5.0
2024-01-16,TATACONSUM,sell,166.8925358302789,1126.9485729370117,188079.30508777188,290.1087998467922,0,5.0
2024-01-16,SHRIRAMFIN,sell,393.7692312395515,447.30028582763674,176133.08968358018,271.6819866894171,0,5.0
2024-01-16,ICICIBANK,buy,166.92909896091456,993.2734881591796,165806.2484001765,114.63252381897658,0,5.0
2024-01-16,M&M,buy,103.85288082630717,1596.5493405761717,165806.24840017647,114.63252381897658,0,5.0
2024-01-16,MARUTI,buy,16.60514518359337,9985.23328564453,165806.24840017644,114.63252381897658,0,5.0
2024-01-16,KOTAKBANK,buy,449.39473287672257,368.9545877380371,165806.2484001765,114.63252381897658,0,5.0
2024-01-16,HDFCBANK,buy,8.878654864226615,817.626992980957,7259.427878353354,5.0189094030342805,0,5.0
2024-01-16,TATASTEEL,buy,66.36615776032635,131.53903376770018,8729.740266668085,6.035430924394784,0,5.0
2024-01-16,WIPRO,buy,730.5871458328711,226.94930966949462,165806.2484001765,114.63252381897658,0,5.0
2024-01-16,AXISBANK,buy,148.32725418272543,1117.8407455444335,165806.2484001765,114.63252381897658,0,5.0
2024-01-16,BAJAJFINSV,buy,102.19200615304379,1622.497244567871,165806.24840017647,114.63252381897658,0,5.0
2024-01-16,BPCL,buy,785.9536210107904,210.96187353515623,165806.24840017647,114.63252381897658,0,5.0
2024-02-15,M&M,sell,5.193413784687698,1737.3857553710939,9022.963131264289,13.917751364783857,0,5.0
2024-02-15,HDFCBANK,sell,202.78959699663218,687.8538990478517,139489.61498047595,215.16011436873393,0,5.0
2024-02-15,TATASTEEL,sell,1260.5098551430192,135.1894210357666,170407.59752666278,262.8505224440533,0,5.0
2024-02-15,MARUTI,sell,16.60514518359337,10863.406399902344,180388.44045875577,278.24578543238454,0,5.0
2024-02-15,KOTAKBANK,sell,449.39473287672257,346.8954962463379,155893.00887176115,240.46204172854715,0,5.0
2024-02-15,WIPRO,sell,730.5871458328711,242.89960760498047,177459.33104404702,273.727689108472,0,5.0
2024-02-15,AXISBANK,sell,148.32725418272543,1069.9231448364258,158698.7622601335,244.7898636959183,0,5.0
2024-02-15,BAJAJFINSV,sell,102.1920061530438,1566.8629051513674,160120.86364420463,246.98342840310823,0,5.0
2024-02-15,BPCL,sell,785.9536210107904,290.93313497924805,228659.95090896104,352.7036847582334,0,5.0
2024-02-15,BAJFINANCE,buy,261.9871094493466,654.9217185974121,171581.04797093436,118.62501418488256,0,5.0
2024-02-15,GRASIM,buy,82.8763371410158,2070.326149658203,171581.04797093436,118.62501418488256,0,5.0
2024-02-15,JSWSTEEL,buy,213.33676828411896,804.2732124938965,171581.04797093436,118.62501418488256,0,5.0
2024-02-15,TECHM,buy,139.4553211281086,1230.3657299194335,171581.04797093433,118.62501418488256,0,5.0
2024-02-15,TITAN,buy,47.64546423347681,3601.2042432861326,171581.04797093433,118.62501418488256,0,5.0
2024-02-15,INFY,buy,108.66111934920872,1579.0473078002929,171581.04797093433,118.62501418488256,0,5.0
2024-02-15,POWERGRID,buy,650.6458574347255,263.70881488037105,171581.0479709343,118.62501418488256,0,5.0
2024-02-15,ADANIENT,buy,53.74394052444977,3192.5654556884765,171581.04797093436,118.62501418488256,0,5.0
2024-02-15,ICICIBANK,buy,4.522564065253741,1000.7546438598632,4525.976990456423,3.1290989945713266,0,5.0
2024-03-15,ICICIBANK,sell,11.013187358327121,1062.3957824707031,11700.363801046398,18.047591671547018,0,5.0
2024-03-15,M&M,sell,98.65946704161948,1771.2957938232423,174755.0989916634,269.55646189738604,0,5.0
2024-03-15,GRASIM,sell,82.8763371410158,2179.665969482422,180642.73174162424,278.6380249658624,0,5.0
2024-03-15,JSWSTEEL,sell,213.33676828411896,772.1159461669922,164720.72069590088,254.0786216148848,0,5.0
2024-03-15,TECHM,sell,139.4553211281086,1211.980010559082,169017.06157336524,260.7056468216838,0,5.0
2024-03-15,TITAN,sell,47.64546423347681,3608.679376831055,171937.2041788894,265.2099120106409,0,5.0
2024-03-15,BAJFINANCE,buy,2.7332265758553627,644.5280966491699,1761.641322646985,1.2179359513124899,0,5.0
2024-03-15,KOTAKBANK,buy,491.6244659996896,347.05289529418945,170619.6943226521,117.96036857563385,0,5.0
2024-03-15,NESTLEIND,buy,133.68172685067876,1276.3127642211914,170619.69432265207,117.96036857563385,0,5.0
2024-03-15,ITC,buy,454.5450343963575,375.36367446899413,170619.69432265207,117.96036857563385,0,5.0
2024-03-15,TRENT,buy,42.02841453831426,4059.6271878662105,170619.69432265207,117.96036857563385,0,5.0
2024-03-15,INFY,buy,2.191675741982359,1539.155545715332,3373.329872681913,2.3321999062796666,0,5.0
2024-03-15,POWERGRID,buy,34.54930019502382,249.00890267944334,8603.08332990556,5.947864837710119,0,5.0
2024-03-15,ADANIENT,buy,0.7499247577548704,3130.989028564453,2348.0061887793545,1.6233276969920714,0,5.0
2024-03-15,BRITANNIA,buy,35.18516645964842,4849.193893066406,170619.69432265207,117.96036857563385,0,5.0
2024-04-18,ITC,sell,7.597956950916935,374.76479437255864,2847.446774361938,4.392133233118102,0,5.0
2024-04-18,KOTAKBANK,sell,21.60650776590751,356.36942512512206,7699.898751497944,11.876949378861328,0,5.0
2024-04-18,POWERGRID,sell,45.87084680560764,261.99540161132813,12017.950931086882,18.537463861896903,0,5.0
2024-04-18,TRENT,sell,0.9616253134716518,4078.722313964844,3922.2026237302643,6.049923969015694,0,5.0
2024-04-18,BAJFINANCE,sell,18.87751525288594,681.3297579650879,12861.812898231032,19.83910511588971,0,5.0
2024-04-18,ICICIBANK,sell,160.43847566784117,1037.9096185913086,166520.63708777996,256.8549588840433,0,5.0
2024-04-18,INFY,sell,110.85279509119108,1335.534291381836,148047.70913980977,228.36081406496857,0,5.0
2024-04-18,NESTLEIND,sell,133.68172685067876,1205.9388432006836,161211.9870353773,248.66646576519412,0,5.0
2024-04-18,BRITANNIA,sell,35.18516645964842,4572.4352949218755,160881.89697779782,248.1573080436625,0,5.0
2024-04-18,ASIANPAINT,buy,61.02008285457572,2747.7447678222657,167667.61339574156,115.91940515938869,0,5.0
2024-04-18,HINDALCO,buy,277.0570002203005,605.1737124938965,167667.61339574153,115.91940515938869,0,5.0
2024-04-18,BEL,buy,735.8054435344861,227.86949304199217,167667.61339574156,115.91940515938869,0,5.0
2024-04-18,LTIM,buy,36.58679280877325,4582.73602368164,167667.61339574153,115.91940515938869,0,5.0
2024-04-18,ADANIENT,buy,1.0595590283061231,3018.132823974609,3197.8898822693523,2.2109069569860407,0,5.0
2024-05-17,ITC,sell,1.651755683055999,390.3781385803223,644.8093089408696,0.9946062628186374,0,5.0
2024-05-17,BAJFINANCE,sell,245.84282077231603,664.9418988647461,163471.19206660928,252.15124714458446,0,5.0
2024-05-17,POWERGRID,sell,639.3243108241415,292.9091667327881,187263.95115551332,288.85113170181734,0,5.0
2024-05-17,KOTAKBANK,sell,470.0179582337821,338.37891316223147,159044.1658738783,245.32264229056221,0,5.0
2024-05-17,TRENT,sell,41.06678922484261,4625.049599609375,189935.9370616009,292.9726198371593,0,5.0
2024-05-17,HINDALCO,sell,277.0570002203005,646.6459976806641,179157.80032186818,276.347546107281,0,5.0
2024-05-17,BEL,sell,735.8054435344861,244.4329897003174,179855.1244009025,277.4231554178243,0,5.0
2024-05-17,ADANIENT,buy,1.3244606833887416,3059.3169799804687,4051.9450580077123,2.801370230959035,0,5.0
2024-05-17,RELIANCE,buy,122.03648223189845,1425.8644313964844,174007.47934721306,120.30256225813167,0,5.0
2024-05-17,ASIANPAINT,buy,2.257718132947863,2749.89769921875,6208.493899277781,4.292331149494687,0,5.0
2024-05-17,BAJAJFINSV,buy,109.86908329151963,1583.7711040649413,174007.47934721303,120.30256225813167,0,5.0
2024-05-17,TCS,buy,48.020544987868654,3623.604842285156,174007.47934721303,120.30256225813167,0,5.0
2024-05-17,COALINDIA,buy,420.65583385073563,413.6575921325683,174007.47934721303,120.30256225813167,0,5.0
2024-05-17,ONGC,buy,695.8283430018791,250.07242245483397,174007.47934721303,120.30256225813167,0,5.0
2024-05-17,SHRIRAMFIN,buy,376.8792334704137,461.7062015991211,174007.47934721303,120.30256225813167,0,5.0
2024-05-17,LTIM,buy,0.8482572630719077,4648.250209716796,3942.912000967791,2.725988665856503,0,5.0
2024-06-18,ADANIENT,sell,56.8778849938995,3305.75669519043,188024.44912685457,290.024185556141,0,5.0
2024-06-18,ITC,sell,445.29532176238456,390.69392909240725,173974.17886581374,268.35190725284014,0,5.0
2024-06-18,ASIANPAINT,sell,63.277800987523584,2880.931616333008,182299.01747698474,281.192814641763,0,5.0
2024-06-18,LTIM,sell,37.435050071845154,4960.663447021485,185702.68452882126,286.44290721853827,0,5.0
2024-06-18,RELIANCE,sell,122.03648223189845,1469.4088489379883,179321.48688481515,276.6000295599684,0,5.0
2024-06-18,TCS,sell,48.020544987868654,3602.044024291992,172972.11711679705,266.8062458030387,0,5.0
2024-06-18,COALINDIA,sell,420.65583385073563,429.765112487793,180783.20175350775,278.8546973240625,0,5.0
2024-06-18,SHRIRAMFIN,sell,376.8792334704137,550.348955444336,207415.0924691042,319.9338891551202,0,5.0
2024-06-18,TITAN,buy,50.91903761755942,3568.344559936523,181696.67087982132,125.61859491682281,0,5.0
2024-06-18,BAJAJFINSV,buy,3.9073065421736994,1596.9628773193358,6239.8234981583755,4.313991316253004,0,5.0
2024-06-18,HINDALCO,buy,271.06647359427325,670.303001586914,181696.67087982132,125.61859491682281,0,5.0
2024-06-18,BPCL,buy,645.5141932749498,281.47587268066405,181696.67087982132,125.61859491682281,0,5.0
2024-06-18,NTPC,buy,515.3556873698155,352.5655684661865,181696.67087982132,125.61859491682281,0,5.0
2024-06-18,ONGC,buy,35.09478506465946,248.5851985015869,8724.0441116689,6.031492806079455,0,5.0
2024-06-18,WIPRO,buy,787.7745393624836,230.6455233078003,181696.67087982132,125.61859491682281,0,5.0
2024-06-18,BAJFINANCE,buy,250.37669216897842,725.6932316894531,181696.67087982135,125.61859491682281,0,5.0
2024-06-18,ICICIBANK,buy,164.38761025082087,1105.294192199707,181696.67087982132,125.61859491682281,0,5.0
2024-06-18,SUNPHARMA,buy,121.68546256134024,1493.1666203613281,181696.67087982132,125.61859491682281,0,5.0
2024-07-16,WIPRO,sell,70.90174698835517,262.20040769958496,18590.466966959546,28.67544655090666,0,5.0
2024-07-16,BAJAJFINSV,sell,113.77638983369333,1607.9618522338867,182948.0945374703,282.19400383127896,0,5.0
2024-07-16,ONGC,sell,730.9231280665387,290.5215976867676,212348.95495210067,327.54427947894254,0,5.0
2024-07-16,TITAN,sell,50.91903761755942,3222.734262329102,164098.52713493313,253.11889971905725,0,5.0
2024-07-16,HINDALCO,sell,271.06647359427325,681.5211295166016,184737.52925805116,284.9541733190896,0,5.0
2024-07-16,BPCL,sell,645.5141932749498,281.64023736572267,181802.77061689983,280.4273631693653,0,5.0
2024-07-16,NTPC,sell,515.3556873698155,362.50374656677246,186818.36748605245,288.1638272505472,0,5.0
2024-07-16,ICICIBANK,sell,164.38761025082087,1219.2942227172853,200436.86346512666,309.17010182373224,0,5.0
2024-07-16,SUNPHARMA,sell,121.68546256134024,1553.8129148559572,189076.44327803154,291.6468667995738,0,5.0
2024-07-16,ADANIENT,buy,60.51252238565088,3109.313401245117,188152.3967968494,130.08185346161792,0,5.0
2024-07-16,BAJFINANCE,buy,17.672759049639176,701.9316620178222,12405.069132153734,8.576422158322899,0,5.0
2024-07-16,LT,buy,52.195696540188095,3604.749227783203,188152.39679684944,130.08185346161792,0,5.0
2024-07-16,KOTAKBANK,buy,522.0227679703695,360.4294838104248,188152.39679684944,130.08185346161792,0,5.0
2024-07-16,COALINDIA,buy,417.3938934422183,450.77898779296873,188152.3967968494,130.08185346161792,0,5.0
2024-07-16,HDFCBANK,buy,235.34537926225752,799.4735115966796,188152.3967968494,130.08185346161792,0,5.0
2024-07-16,ITC,buy,443.0743761788012,424.6519476470947,188152.3967968494,130.08185346161792,0,5.0
2024-07-16,SHRIRAMFIN,buy,343.5093454318126,547.7358892822265,188152.3967968494,130.08185346161792,0,5.0
2024-07-16,ASIANPAINT,buy,64.01703396475403,2939.0989420166015,188152.39679684944,130.08185346161792,0,5.0
2024-08-14,HDFCBANK,sell,3.422736064923211,792.7820605773926,2713.4837503623794,4.185497781662015,0,5.0
2024-08-14,ASIANPAINT,sell,2.4601956201367594,2986.899845947266,7348.357918786625,11.334704239092073,0,5.0
2024-08-14,WIPRO,sell,716.8727923741284,231.96092684936525,166286.4773521954,256.49377188459545,0,5.0
2024-08-14,ADANIENT,sell,60.512522385650875,3037.074453125,183781.03583161498,283.4788001520351,0,5.0
2024-08-14,LT,sell,52.19569654018809,3510.68542956543,183242.67132965702,282.6483830071491,0,5.0
2024-08-14,KOTAKBANK,sell,522.0227679703695,349.0028099822998,182187.41289639706,281.0206666698392,0,5.0
2024-08-14,COALINDIA,sell,417.39389344221826,443.5179372253418,185121.67862994678,285.54671651883467,0,5.0
2024-08-14,ITC,sell,443.0743761788012,448.51205146789556,198724.19741281218,306.52834656658996,0,5.0
2024-08-14,SHRIRAMFIN,sell,343.5093454318126,566.0616762084961,194447.47586841517,299.9315838130008,0,5.0
2024-08-14,APOLLOHOSP,buy,28.389365635877933,6482.993294677734,184048.06705755115,127.24426633121308,0,5.0
2024-08-14,TATACONSUM,buy,158.72506241384733,1159.540051574707,184048.06705755112,127.24426633121308,0,5.0
2024-08-14,BAJFINANCE,buy,18.53599130274486,642.210104736328,11904.000915927443,8.230001472819762,0,5.0
2024-08-14,ICICIBANK,buy,159.57948503716113,1153.3316266479492,184048.06705755112,127.24426633121308,0,5.0
2024-08-14,TITAN,buy,54.233266586798784,3393.6378654785153,184048.06705755112,127.24426633121308,0,5.0
2024-08-14,BPCL,buy,614.8616582926668,299.332483291626,184048.06705755112,127.24426633121308,0,5.0
2024-08-14,BEL,buy,633.9576136335565,290.3160449523926,184048.06705755115,127.24426633121308,0,5.0
2024-08-14,AXISBANK,buy,159.6681165509458,1152.6914141235352,184048.06705755115,127.24426633121308,0,5.0
2024-09-12,ASIANPAINT,sell,2.67642986876909,3339.6991881103518,8938.470659762426,13.787423312518587,0,5.0
2024-09-12,BAJFINANCE,sell,286.58544252136244,737.9053378601075,211472.92778951436,326.1930240143794,0,5.0
2024-09-12,HDFCBANK,sell,231.9226431973343,821.7754301757813,190588.32988099364,293.97892352258793,0,5.0
2024-09-12,APOLLOHOSP,sell,28.389365635877933,7029.9564079589845,199576.00286983067,307.842240504699,0,5.0
2024-09-12,TATACONSUM,sell,158.72506241384733,1213.1475173339845,192556.9154060406,297.01542976552963,0,5.0
2024-09-12,ICICIBANK,sell,159.57948503716113,1241.9410967407227,198188.32066437165,305.7017667348358,0,5.0
2024-09-12,TITAN,sell,54.233266586798784,3751.079088623047,203433.27220145994,313.7920060887572,0,5.0
2024-09-12,BPCL,sell,614.8616582926668,316.74255047607426,194752.84983756774,300.4026174317924,0,5.0
2024-09-12,AXISBANK,sell,159.6681165509458,1201.7212265014648,191876.5648547814,295.96600180316665,0,5.0
2024-09-12,ADANIENT,buy,65.81034756227412,2991.012825439453,196839.59360538993,136.0878713571057,0,5.0
2024-09-12,NESTLEIND,buy,158.16379521152368,1244.5300350952148,196839.59360538993,136.0878713571057,0,5.0
2024-09-12,KOTAKBANK,buy,538.9150366730036,365.2516263427734,196839.59360538993,136.0878713571057,0,5.0
2024-09-12,BEL,buy,48.709393059448246,288.3391048278808,14044.822791470699,9.710089328423987,0,5.0
2024-09-12,COALINDIA,buy,446.9935237872493,440.36341273498533,196839.59360538993,136.0878713571057,0,5.0
2024-09-12,TATASTEEL,buy,1326.8046446408255,148.35612341308592,196839.5936053899,136.0878713571057,0,5.0
2024-09-12,WIPRO,buy,791.9235981483035,248.55881813049314,196839.5936053899,136.0878713571057,0,5.0
2024-09-12,POWERGRID,buy,616.4928138399632,319.28935615539547,196839.59360538993,136.0878713571057,0,5.0
2024-09-12,ADANIPORTS,buy,134.25126010825798,1466.2029499511718,196839.59360538993,136.0878713571057,0,5.0
2024-10-11,COALINDIA,sell,1.7526284160274346,437.526854675293,766.8219982790243,1.1828085472403747,0,5.0
2024-10-11,TATASTEEL,sell,85.37846756736187,156.92020365142824,13397.606518117285,20.6655567234083,0,5.0
2024-10-11,WIPRO,sell,4.803319565695568,247.4905726928711,1188.7763101408689,1.8336651576861223,0,5.0
2024-10-11,ASIANPAINT,sell,58.880408475848185,2998.103469848633,176529.55695754528,272.29353002202816,0,5.0
2024-10-11,ADANIENT,sell,65.81034756227412,3134.077685058594,206254.74174087355,318.1440699242843,0,5.0
2024-10-11,NESTLEIND,sell,158.16379521152368,1235.3923707885742,195394.3459392828,301.39211313461897,0,5.0
2024-10-11,KOTAKBANK,sell,538.9150366730036,375.8584245300293,202555.7566394581,312.4384547960169,0,5.0
2024-10-11,POWERGRID,sell,616.4928138399632,311.28361138916017,191904.109487569,296.0084888825212,0,5.0
2024-10-11,ADANIPORTS,sell,134.25126010825798,1400.731046813965,188049.90810753408,290.06345555624455,0,5.0
2024-10-11,BEL,buy,7.338879963330091,282.6059235076904,2074.0109495489855,1.4338971653298638,0,5.0
2024-10-11,ONGC,buy,733.8250376453292,265.73057720947264,194999.7508242563,134.81586970779244,0,5.0
2024-10-11,SBIN,buy,248.59751089986318,784.399450012207,194999.7508242563,134.81586970779244,0,5.0
2024-10-11,INFY,buy,104.88097191576185,1859.2481292114257,194999.7508242563,134.81586970779244,0,5.0
2024-10-11,TATACONSUM,buy,176.3963774272644,1105.4634662475585,194999.7508242563,134.81586970779244,0,5.0
2024-10-11,DRREDDY,buy,148.60771347893612,1312.1778557739258,194999.75082425633,134.81586970779244,0,5.0
2024-10-11,HDFCLIFE,buy,270.00212971581425,722.2156026306152,194999.75082425633,134.81586970779244,0,5.0
2024-11-08,BEL,sell,49.91995584161307,294.02521609497074,14677.72580378168,22.6401167073019,0,5.0
2024-11-08,SBIN,sell,20.789371336889552,826.1399460449219,17174.93011456578,26.492007510682544,0,5.0
2024-11-08,COALINDIA,sell,445.2408953712218,390.2381634368897,173749.98929666195,268.0060990480807,0,5.0
2024-11-08,TATASTEEL,sell,1241.4261770734636,144.13491248321534,178932.85338685627,276.00056967989013,0,5.0
2024-11-08,WIPRO,sell,787.120278582608,266.5571149749756,209812.51059727906,323.6318616437529,0,5.0
2024-11-08,INFY,sell,104.88097191576185,1776.461788635254,186317.03896327812,287.39053740877995,0,5.0
2024-11-08,TATACONSUM,sell,176.39637742726444,985.1521970214844,173777.27876910055,268.0481925473837,0,5.0
2024-11-08,DRREDDY,sell,148.60771347893612,1274.9224005737306,189463.30281233837,292.2435903739972,0,5.0
2024-11-08,HDFCLIFE,sell,270.00212971581425,706.1937845764161,190673.8258277033,294.11079941653674,0,5.0
2024-11-08,ADANIENT,buy,64.31630717302518,2929.1125059814453,188389.6996790522,130.24591620689372,0,5.0
2024-11-08,NTPC,buy,489.80865165202613,384.6189711914062,188389.69967905217,130.24591620689372,0,5.0
2024-11-08,ONGC,buy,56.13237807560893,238.48082938385008,13386.49607875906,9.254945729773544,0,5.0
2024-11-08,POWERGRID,buy,630.9803018487007,298.56668920898437,188389.69967905217,130.24591620689372,0,5.0
2024-11-08,RELIANCE,buy,147.26199896895793,1279.2825100708008,188389.69967905217,130.24591620689372,0,5.0
2024-11-08,KOTAKBANK,buy,539.9033246702537,348.93228300476073,188389.6996790522,130.24591620689372,0,5.0
2024-11-08,MARUTI,buy,16.83920550041043,11187.564619628905,188389.69967905217,130.24591620689372,0,5.0
2024-11-08,BAJAJ-AUTO,buy,19.481321443433544,9670.273149902343,188389.69967905217,130.24591620689372,0,5.0
2024-12-10,RELIANCE,sell,2.814055390218458,1279.0989001464845,3599.4551545797162,5.55209205239329,0,5.0
2024-12-10,KOTAKBANK,sell,24.305285358211087,358.3473785247803,8709.73529241167,13.434603299313649,0,5.0
2024-12-10,POWERGRID,sell,41.99017437146256,313.69491123962405,13172.104022392283,20.317723354039423,0,5.0
2024-12-10,BEL,sell,45.822532498755834,310.9113000793457,14246.743152116247,21.975334052075176,0,5.0
2024-12-10,ONGC,sell,789.9574157209381,238.83267236328126,188667.64064982318,291.0162964144461,0,5.0
2024-12-10,SBIN,sell,227.80813956297362,849.9986162109376,193636.60339011572,298.6808282266886,0,5.0
2024-12-10,MARUTI,sell,16.83920550041043,11072.756750488283,186456.426377529,287.6055398804404,0,5.0
2024-12-10,BAJAJ-AUTO,sell,19.481321443433544,8786.118415039064,171165.19708344684,264.019105548295,0,5.0
2024-12-10,ADANIENT,buy,10.646108602688951,2467.210527832031,26266.191224997332,18.159507378553627,0,5.0
2024-12-10,BAJFINANCE,buy,268.1529994900995,689.7109551086426,184948.06139356387,127.86649030139135,0,5.0
2024-12-10,ITC,buy,435.62214149213503,424.5607460632324,184948.06139356384,127.86649030139135,0,5.0
2024-12-10,NTPC,buy,28.17640786311742,357.05288790893553,10060.467798426112,6.955448456621017,0,5.0
2024-12-10,TITAN,buy,53.34444288332811,3467.0539497070313,184948.06139356384,127.86649030139135,0,5.0
2024-12-10,INFY,buy,97.67586771292947,1893.487774658203,184948.06139356387,127.86649030139135,0,5.0
2025-01-08,RELIANCE,sell,1.5031827628328607,1259.835587402344,1893.763138986615,2.9210941160650865,0,5.0
2025-01-08,KOTAKBANK,sell,5.647774585121618,353.1460010223389,1994.4890094112986,3.076461881640313,0,5.0
2025-01-08,ITC,sell,12.311059966594545,425.4244799346924,5237.426283733295,8.078631791790356,0,5.0
2025-01-08,BEL,sell,594.263398315966,278.5710024871826,165544.55061031858,255.34936380333593,0,5.0
2025-01-08,ADANIENT,sell,74.96241577571413,2512.7466602783206,188361.55988682059,290.54417257939986,0,5.0
2025-01-08,POWERGRID,sell,588.9901274772382,293.36551193237307,172789.39027047364,266.5243930704271,0,5.0
2025-01-08,BAJFINANCE,sell,268.1529994900995,730.6635992126465,195929.63574710308,302.217787621477,0,5.0
2025-01-08,TITAN,sell,53.34444288332811,3471.8596373291016,185204.4181224345,285.6743406338554,0,5.0
2025-01-08,INFY,sell,97.67586771292947,1876.6453143920899,183302.95947265072,282.7413763367487,0,5.0
2025-01-08,HINDALCO,buy,309.38089916224493,582.6703399658203,180267.0736937964,124.63022243351915,0,5.0
2025-01-08,NTPC,buy,54.77034423424352,314.73657431030273,17238.230518081844,11.917897482920932,0,5.0
2025-01-08,LTIM,buy,31.031145954234077,5809.2303120117185,180267.0736937964,124.63022243351915,0,5.0
2025-01-08,HDFCLIFE,buy,292.3543823982042,616.604657043457,180267.07369379638,124.63022243351915,0,5.0
2025-01-08,ONGC,buy,713.9284528603634,252.50019518280027,180267.07369379638,124.63022243351915,0,5.0
2025-01-08,INDUSINDBK,buy,183.65729314826578,981.5405127868652,180267.0736937964,124.63022243351915,0,5.0
2025-01-08,HINDUNILVR,buy,76.42775056345393,2358.659941772461,180267.0736937964,124.63022243351915,0,5.0
2025-02-04,ITC,sell,0.2784383592048973,430.72392239379883,119.93006222162687,0.184989871163286,0,5.0
2025-02-04,KOTAKBANK,sell,36.75449084097205,385.0632009429932,14152.801892254625,21.830431421018385,0,5.0
2025-02-04,RELIANCE,sell,142.9447608159066,1279.4473586425781,182890.2966577068,282.10485168599615,0,5.0
2025-02-04,HINDALCO,sell,309.38089916224493,579.4089421081543,179258.0594920659,276.5021939965112,0,5.0
2025-02-04,LTIM,sell,31.031145954234074,5823.551611328126,180711.48002313808,278.7440679004224,0,5.0
2025-02-04,HDFCLIFE,sell,292.3543823982042,623.8626562805176,182388.9815781939,281.3315825802074,0,5.0
2025-02-04,ONGC,sell,713.9284528603633,236.22960443115235,168651.03601134822,260.14105925868506,0,5.0
2025-02-04,INDUSINDBK,sell,183.65729314826578,1046.6264494018556,192220.58063452513,296.4966396898987,0,5.0
2025-02-04,HINDUNILVR,sell,76.42775056345393,2392.6629333496094,182865.84585246592,282.06713677759404,0,5.0
2025-02-04,ADANIENT,buy,79.24910025518756,2301.509798950195,182392.58079530057,126.09972220081693,0,5.0
2025-02-04,ICICIBANK,buy,144.85734484087257,1259.1186245727538,182392.58079530057,126.09972220081693,0,5.0
2025-02-04,NTPC,buy,13.620591179056783,311.05055863952634,4236.692495246217,2.9290980168783216,0,5.0
2025-02-04,POWERGRID,buy,666.7646588046198,273.5486627655029,182392.58079530054,126.09972220081693,0,5.0
2025-02-04,SBIN,buy,238.65754573050165,764.2439305114746,182392.58079530057,126.09972220081693,0,5.0
2025-02-04,NESTLEIND,buy,161.11246607298753,1132.0823598632812,182392.58079530054,126.09972220081693,0,5.0
2025-02-04,TATACONSUM,buy,177.57934133770885,1027.1047263793944,182392.58079530054,126.09972220081693,0,5.0
2025-02-04,BEL,buy,648.5714001269613,281.22205320739744,182392.58079530057,126.09972220081693,0,5.0
2025-03-05,ICICIBANK,sell,0.286403913362811,1205.7881617431642,345.34244820979234,0.5326842479534957,0,5.0
2025-03-05,NTPC,sell,37.5962374312413,317.65371575927736,11942.584518601827,18.421212584465856,0,5.0
2025-03-05,KOTAKBANK,sell,21.563095840309824,385.9816562805176,8322.959446978326,12.838008813407656,0,5.0
2025-03-05,ADANIENT,sell,79.24910025518756,2243.6149360351565,177804.46499988635,274.26005176085516,0,5.0
2025-03-05,POWERGRID,sell,666.7646588046198,255.90396643066407,170627.7208638906,263.19005856235,0,5.0
2025-03-05,NESTLEIND,sell,161.11246607298753,1087.482231994629,175206.94420721143,270.2534246660329,0,5.0
2025-03-05,TATACONSUM,sell,177.57934133770885,949.2860448303223,168573.5905820474,260.0216011368167,0,5.0
2025-03-05,BEL,sell,648.5714001269613,271.48082986450197,176074.70193284942,271.5919246792329,0,5.0
2025-03-05,ITC,buy,24.67800343672266,389.7524875946045,9618.313228330855,6.649758563886793,0,5.0
2025-03-05,RELIANCE,buy,148.9500717529363,1171.5089236450194,174496.33823613083,120.64054185038887,0,5.0
2025-03-05,SBIN,buy,4.939641948273502,716.3314974975585,3538.4211139085155,2.4463380996518334,0,5.0
2025-03-05,TATASTEEL,buy,1221.6047721728853,142.84189306640624,174496.33823613083,120.64054185038887,0,5.0
2025-03-05,HDFCLIFE,buy,281.53769939658713,619.7974147338867,174496.33823613086,120.64054185038887,0,5.0
2025-03-05,APOLLOHOSP,buy,28.13855413490239,6201.32567578125,174496.33823613083,120.64054185038887,0,5.0
2025-03-05,BRITANNIA,buy,37.41828982213853,4663.396939453125,174496.33823613086,120.64054185038887,0,5.0
2025-04-04,NTPC,sell,9.269944259190973,341.21962466430665,3163.086900780188,4.879002206905277,0,5.0
2025-04-04,KOTAKBANK,sell,451.6326780456391,425.68603732299806,192253.7250428215,296.5477643179273,0,5.0
2025-04-04,ICICIBANK,sell,144.57094092750975,1324.4131457519532,191471.65465812298,295.3414354206851,0,5.0
2025-04-04,RELIANCE,sell,148.9500717529363,1199.3076389770508,178636.95887947635,275.54415795305397,0,5.0
2025-04-04,TATASTEEL,sell,1221.6047721728853,137.12203273773193,167508.92956245993,258.37938148648334,0,5.0
2025-04-04,HDFCLIFE,sell,281.53769939658713,686.8070594482422,193362.07944639315,298.2573801933955,0,5.0
2025-04-04,APOLLOHOSP,sell,28.13855413490239,6693.726657714844,188351.78992234837,290.52910259247994,0,5.0
2025-04-04,BRITANNIA,sell,37.41828982213853,4955.9402238769535,185442.80763822197,286.04205198991815,0,5.0
2025-04-04,WIPRO,buy,782.196241515782,235.58732402801513,184275.5194034741,127.4015187671935,0,5.0
2025-04-04,BEL,buy,662.1308347266894,278.3068084716797,184275.51940347414,127.4015187671935,0,5.0
2025-04-04,BPCL,buy,702.2023610579005,262.4250922851562,184275.5194034741,127.4015187671935,0,5.0
2025-04-04,COALINDIA,buy,511.9657917001652,359.93717234802244,184275.5194034741,127.4015187671935,0,5.0
2025-04-04,HDFCBANK,buy,205.43996927632534,896.979882019043,184275.5194034741,127.4015187671935,0,5.0
2025-04-04,ITC,buy,19.72453680984891,394.22689164733885,7775.942835730253,5.376009414195876,0,5.0
2025-04-04,ONGC,buy,859.0429987515397,214.5125676727295,184275.51940347414,127.4015187671935,0,5.0
2025-04-04,SBIN,buy,1.2158345962658015,752.7194333496093,915.1823283480451,0.6327244061385571,0,5.0
2025-04-04,BAJAJFINSV,buy,96.36205747166267,1912.3244588012694,184275.51940347414,127.4015187671935,0,5.0
2025-05-08,BEL,sell,39.006864498942,304.9874751434326,11896.605116794317,18.35029021972283,0,5.0
2025-05-08,ITC,sell,8.304354947214694,413.92342791748047,3437.3670663945936,5.302074217039729,0,5.0
2025-05-08,NTPC,sell,539.5098132380116,331.09212258911134,178627.4492226283,275.52948948576113,0,5.0
2025-05-08,SBIN,sell,244.81302227504096,753.4858005676269,184463.13607828954,284.5309269867531,0,5.0
2025-05-08,WIPRO,sell,782.196241515782,230.83211226654055,180556.01063603707,278.50425928732835,0,5.0
2025-05-08,BPCL,sell,702.2023610579005,288.8997283630371,202866.07136551075,312.91710943964137,0,5.0
2025-05-08,HDFCBANK,sell,205.43996927632537,950.914380645752,195355.82114427927,301.3326893610273,0,5.0
2025-05-08,ONGC,sell,859.0429987515397,221.13455563354492,189964.09179902961,293.01604799147765,0,5.0
2025-05-08,BAJAJFINSV,sell,96.36205747166267,2004.0206817626954,193111.55611041744,297.87095264731533,0,5.0
2025-05-08,POWERGRID,buy,636.9974891377649,298.64347929382325,190235.1464575315,131.52179226000908,0,5.0
2025-05-08,KOTAKBANK,buy,450.5332252702517,422.2444334564209,190235.1464575315,131.52179226000908,0,5.0
2025-05-08,COALINDIA,buy,16.008900816472888,360.311108001709,5768.18479107281,3.9879171432613427,0,5.0
2025-05-08,ASIANPAINT,buy,83.46817574923017,2279.1338704833984,190235.1464575315,131.52179226000908,0,5.0
2025-05-08,NESTLEIND,buy,164.0282316105005,1159.7707576904297,190235.14645753146,131.52179226000908,0,5.0
2025-05-08,TATACONSUM,buy,171.63914872927282,1108.3435676879883,190235.1464575315,131.52179226000908,0,5.0
2025-05-08,TITAN,buy,56.602942458946124,3360.8702691650387,190235.14645753146,131.52179226000908,0,5.0
2025-05-08,TCS,buy,57.035916907836565,3335.357030639648,190235.14645753146,131.52179226000908,0,5.0
2025-06-05,BEL,sell,125.82880204851978,390.7295558013916,49165.031931439364,75.83613944874375,0,5.0
2025-06-05,NESTLEIND,sell,0.5530116315434612,1188.607791381836,657.3139339773392,1.0138944123583826,0,5.0
2025-06-05,TITAN,sell,0.9550621237044713,3491.7398289794924,3334.828456488641,5.1439103348205135,0,5.0
2025-06-05,COALINDIA,sell,1.074804964727195,368.7757859802246,396.3620456427189,0.611381019897785,0,5.0
2025-06-05,ITC,sell,459.13082846569256,410.29169976806645,188377.56802710955,290.5688648354928,0,5.0
2025-06-05,POWERGRID,sell,636.9974891377649,284.794848236084,181413.60324575633,279.82707979991494,0,5.0
2025-06-05,ASIANPAINT,sell,83.46817574923017,2218.4166040039063,185167.1869880084,285.61691230743617,0,5.0
2025-06-05,TATACONSUM,sell,171.63914872927282,1111.3440744018556,190750.1508756561,294.22852937119336,0,5.0
2025-06-05,TCS,sell,57.035916907836565,3285.808178344727,187409.08223515967,289.0749936696028,0,5.0
2025-06-05,KOTAKBANK,buy,26.52266360243936,407.71391743469235,10813.659078153081,7.476178031933301,0,5.0
2025-06-05,INDUSINDBK,buy,242.03824672764267,803.6016122131347,194502.32528757412,134.47196744094742,0,5.0
2025-06-05,GRASIM,buy,76.38284640162047,2546.4136838378904,194502.32528757412,134.47196744094742,0,5.0
2025-06-05,ONGC,buy,861.8716539513208,225.6743499984741,194502.32528757412,134.47196744094742,0,5.0
2025-06-05,ADANIPORTS,buy,134.1051373354288,1450.3719182739258,194502.32528757412,134.47196744094742,0,5.0
2025-06-05,DRREDDY,buy,151.58690947220182,1283.1076638793945,194502.32528757415,134.47196744094742,0,5.0
2025-07-03,TITAN,sell,0.928890028868904,3665.8285223388675,3405.1515619438023,5.252382405767262,0,5.0
2025-07-03,BEL,sell,497.2951681792276,423.248932510376,210479.64907442598,324.66091022964804,0,5.0
2025-07-03,COALINDIA,sell,526.899887551911,360.88480546569826,190150.1634190697,293.3030599748013,0,5.0
2025-07-03,KOTAKBANK,sell,477.05588887269107,424.61778509521486,202566.41489975105,312.4548949625764,0,5.0
2025-07-03,INDUSINDBK,sell,242.03824672764267,861.9688244018555,208629.4229921124,321.806971206773,0,5.0
2025-07-03,GRASIM,sell,76.38284640162047,2805.983757446289,214329.02635046176,330.5985024660034,0,5.0
2025-07-03,ONGC,sell,861.8716539513208,231.40335970306398,199439.99635717217,307.6324530103211,0,5.0
2025-07-03,ADANIPORTS,sell,134.1051373354288,1430.3844255981446,191821.89983729762,295.8816820391797,0,5.0
2025-07-03,DRREDDY,sell,151.58690947220182,1282.5204063110352,194413.3047277224,299.8788754695116,0,5.0
2025-07-03,LTIM,buy,37.84015739239048,5306.297330566406,200791.1261594543,138.8198199657732,0,5.0
2025-07-03,POWERGRID,buy,705.6520646387705,284.54692648315427,200791.12615945426,138.8198199657732,0,5.0
2025-07-03,NESTLEIND,buy,6.197127624323087,1183.4051275634765,7333.712606789207,5.070267213635344,0,5.0
2025-07-03,TATACONSUM,buy,184.221384497409,1089.9447244262694,200791.12615945426,138.8198199657732,0,5.0
2025-07-03,BAJFINANCE,buy,220.50296696774873,910.6050994262695,200791.12615945426,138.8198199657732,0,5.0
2025-07-03,ICICIBANK,buy,141.8327513619614,1415.6894245605467,200791.12615945426,138.8198199657732,0,5.0
2025-07-03,ADANIENT,buy,76.85768402339397,2612.5055511474607,200791.12615945426,138.8198199657732,0,5.0
2025-07-03,APOLLOHOSP,buy,26.59807407169282,7549.085156249999,200791.12615945426,138.8198199657732,0,5.0
2025-07-03,BAJAJFINSV,buy,101.32316136542117,1981.6903011474608,200791.12615945426,138.8198199657732,0,5.0
2025-07-31,TATACONSUM,sell,3.218103069700548,1072.663351196289,3451.941223240055,5.324554580571711,0,5.0
2025-07-31,APOLLOHOSP,sell,0.6232037213088649,7474.747084960938,4658.290199190247,7.1853252456164025,0,5.0
2025-07-31,LTIM,sell,37.84015739239048,5083.458464111329,192358.86837965227,296.7099459425649,0,5.0
2025-07-31,POWERGRID,sell,705.6520646387705,281.6492660522461,198746.38609376186,306.5625721907089,0,5.0
2025-07-31,BAJFINANCE,sell,220.50296696774873,880.7594122009277,194210.06357507495,299.56537980423093,0,5.0
2025-07-31,ICICIBANK,sell,141.8327513619614,1469.3219783325196,208397.9788235015,321.4499729184397,0,5.0
2025-07-31,ADANIENT,sell,76.85768402339397,2429.484601196289,186724.5598184457,288.0191306830374,0,5.0
2025-07-31,BAJAJFINSV,sell,101.32316136542117,1947.026,197278.82958067054,304.2988937997154,0,5.0
2025-07-31,INDUSINDBK,buy,243.1502151131322,799.2994744262695,194349.83914656093,134.36654396408562,0,5.0
2025-07-31,EICHERMOT,buy,35.98271979071332,5401.19925,194349.83914656093,134.36654396408562,0,5.0
2025-07-31,MARUTI,buy,15.573856553368545,12479.236499999999,194349.83914656093,134.36654396408562,0,5.0
2025-07-31,KOTAKBANK,buy,490.8842418653137,395.91786122131344,194349.83914656093,134.36654396408562,0,5.0
2025-07-31,COALINDIA,buy,552.4368923418392,351.8045985717773,194349.8391465609,134.36654396408562,0,5.0
2025-07-31,TITAN,buy,3.3136658512886696,3348.9736988525387,11097.379782751563,7.672332403325422,0,5.0
2025-07-31,NESTLEIND,buy,4.106645699762656,1118.3736046142578,4592.764154117203,3.1752732564162027,0,5.0
2025-07-31,BEL,buy,510.394800330981,380.78334461975095,194349.83914656093,134.36654396408562,0,5.0
2025-09-01,NESTLEIND,sell,173.7789933030428,1167.509337097168,202888.5972726487,312.9518552288296,0,5.0
2025-09-01,TITAN,sell,58.032656157661414,3616.790797607422,209891.9767517455,323.7544366962817,0,5.0
2025-09-01,TATACONSUM,sell,181.00328142770843,1075.162101196289,194607.86838323824,300.17898625825137,0,5.0
2025-09-01,APOLLOHOSP,sell,25.974870350383956,7657.49794897461,198902.51643294655,306.803400309993,0,5.0
2025-09-01,EICHERMOT,sell,35.98271979071332,6276.860000000001,225858.4945455368,348.3824908712352,0,5.0
2025-09-01,MARUTI,sell,15.573856553368545,14879.5565,231732.07850874253,357.4423839496883,0,5.0
2025-09-01,ADANIENT,buy,88.76826656450245,2285.342051147461,202865.85238732462,140.2542116490118,0,5.0
2025-09-01,BAJFINANCE,buy,227.9917644554491,889.7946505737305,202865.8523873246,140.2542116490118,0,5.0
2025-09-01,BEL,buy,34.20986357636261,372.50112940979,12743.212819149909,8.810202637815276,0,5.0
2025-09-01,ICICIBANK,buy,143.7026719718274,1411.7055,202865.85238732462,140.2542116490118,0,5.0
2025-09-01,KOTAKBANK,buy,24.11237888951333,393.91686122131347,9498.272608736152,6.56676676280748,0,5.0
2025-09-01,POWERGRID,buy,745.0063221668355,272.300846786499,202865.8523873246,140.2542116490118,0,5.0
2025-09-01,INDUSINDBK,buy,26.178969621765912,753.2264005737304,19718.69105893177,13.632799392677356,0,5.0
2025-09-01,ADANIPORTS,buy,151.8493692336767,1335.967698852539,202865.8523873246,140.2542116490118,0,5.0
2025-09-01,COALINDIA,buy,5.942186169310289,363.3120584106445,2158.8678886313837,1.4925642251326479,0,5.0
2025-09-01,DRREDDY,buy,158.42211601259555,1280.5399744262695,202865.85238732462,140.2542116490118,0,5.0
2025-09-29,COALINDIA,sell,2.9418218878792417,372.9374614257813,1097.1155868324838,1.6922802114812492,0,5.0
2025-09-29,BEL,sell,544.6046639073436,398.05545034790043,216782.85475320462,334.3834867449355,0,5.0
2025-09-29,ADANIENT,sell,88.76826656450245,2508.24525,222652.5829611471,343.43743239322674,0,5.0
2025-09-29,BAJFINANCE,sell,227.9917644554491,990.4545372009278,225815.47754934477,348.3161379615811,0,5.0
2025-09-29,POWERGRID,sell,745.0063221668355,272.757717956543,203206.22429742312,313.4417889560582,0,5.0
2025-09-29,ADANIPORTS,sell,151.8493692336767,1382.5083511962891,209933.02108944688,323.81774681721976,0,5.0
2025-09-29,DRREDDY,sell,158.42211601259555,1233.9826755981446,195490.14659114234,301.53988384295144,0,5.0
2025-09-29,ICICIBANK,buy,10.02997969466644,1348.7740255737303,13528.17608919803,9.3528982335424,0,5.0
2025-09-29,RELIANCE,buy,150.96662047417306,1373.486448852539,207350.60745034096,143.35481127383844,0,5.0
2025-09-29,INDUSINDBK,buy,17.16096865737905,723.7617244262694,12420.452268289824,8.587057509743882,0,5.0
2025-09-29,KOTAKBANK,buy,5.306101045611845,398.51916732788084,2114.5829704548305,1.4619472128868671,0,5.0
2025-09-29,CIPLA,buy,139.27888706879153,1488.744,207350.60745034096,143.35481127383844,0,5.0
2025-09-29,ITC,buy,519.5589792011435,399.0896428527832,207350.607450341,143.35481127383844,0,5.0
2025-09-29,BPCL,buy,643.3808166796032,322.28285655212403,207350.60745034096,143.35481127383844,0,5.0
2025-09-29,NTPC,buy,617.6404510946339,335.71409884643555,207350.60745034096,143.35481127383844,0,5.0
2025-09-29,SBIN,buy,238.00974327690128,871.1853749999999,207350.60745034093,143.35481127383844,0,5.0
2025-10-29,INDUSINDBK,sell,286.49015339227714,807.0462872009277,231210.81461486153,356.63834417196415,0,5.0
2025-10-29,KOTAKBANK,sell,520.3027218004389,429.8849561004639,223670.31272013357,345.00726145448436,0,5.0
2025-10-29,ICICIBANK,sell,153.73265166649387,1369.7148244018556,210569.8919822033,324.8001082219936,0,5.0
2025-10-29,RELIANCE,sell,150.96662047417306,1503.447851196289,226970.44115426118,350.09764765576386,0,5.0
2025-10-29,CIPLA,sell,139.27888706879153,1580.3094255981446,220103.7380216308,339.5058868887728,0,5.0
2025-10-29,NTPC,sell,617.6404510946339,341.82149642944336,211122.7832485242,325.65293262839646,0,5.0
2025-10-29,SBIN,sell,238.00974327690128,939.280125,223557.82141634575,344.83374572865876,0,5.0
2025-10-29,ADANIENT,buy,85.74410920700002,2538.6686022949216,217675.87787555787,150.49333481789319,0,5.0
2025-10-29,POWERGRID,buy,757.4425399827676,287.38269424438477,217675.87787555787,150.49333481789319,0,5.0
2025-10-29,ULTRACEMCO,buy,18.13210220254969,12004.9995,217675.8778755579,150.49333481789319,0,5.0
2025-10-29,BPCL,buy,12.634858980389096,331.8150555725097,4192.436434728631,2.898500955788248,0,5.0
2025-10-29,COALINDIA,buy,37.27510666963299,367.25381712341306,13689.425208105109,9.464380120638067,0,5.0
2025-10-29,HDFCBANK,buy,215.87250047002868,1008.3539005737304,217675.87787555787,150.49333481789319,0,5.0
2025-10-29,ITC,buy,7.3071962392601115,413.152121017456,3018.9836249410932,2.0872175544307883,0,5.0
2025-10-29,ONGC,buy,892.4413841795684,243.9105601043701,217675.87787555787,150.49333481789319,0,5.0
2025-10-29,SHRIRAMFIN,buy,296.4220797312044,734.3443446350097,217675.8778755579,150.49333481789319,0,5.0
2025-10-29,TATASTEEL,buy,1174.8317482593668,185.28259744262695,217675.8778755579,150.49333481789319,0,5.0
2025-11-27,HDFCBANK,sell,2.7107913282464,1008.99525,2735.1755739418086,4.218957012608129,0,5.0
2025-11-27,COALINDIA,sell,592.7123632929033,372.93096443176273,221040.79327345177,340.95127703613133,0,5.0
2025-11-27,BPCL,sell,656.0156756599923,354.5171717834473,232568.82198058773,358.733045058221,0,5.0
2025-11-27,POWERGRID,sell,757.4425399827676,270.5261682739258,204908.02802920796,316.0667892875539,0,5.0
2025-11-27,ONGC,sell,892.4413841795684,238.27109416198732,212642.98508390426,327.9978154414267,0,5.0
2025-11-27,SHRIRAMFIN,sell,296.4220797312044,867.2161994018555,257062.02940328888,396.5133580303596,0,5.0
2025-11-27,TATASTEEL,sell,1174.8317482593668,168.0459398803711,197425.70533754482,304.5254468993959,0,5.0
2025-11-27,ADANIENT,buy,9.682385417669257,2256.1275,21844.6960064026,15.102643352912285,0,5.0
2025-11-27,ITC,buy,16.53364980571691,396.1987633209228,6550.611606206255,4.528859124566646,0,5.0
2025-11-27,KOTAKBANK,buy,509.8728580746031,422.2510285491943,215294.33875131852,148.8468236458516,0,5.0
2025-11-27,NTPC,buy,662.3227750304542,325.0595432739258,215294.33875131854,148.8468236458516,0,5.0
2025-11-27,APOLLOHOSP,buy,29.426074196657133,7316.447899658203,215294.33875131852,148.8468236458516,0,5.0
2025-11-27,GRASIM,buy,78.53530853234643,2741.37,215294.33875131854,148.8468236458516,0,5.0
2025-11-27,ULTRACEMCO,buy,0.3913328821218463,11622.8085,4548.387148655293,3.144592578307199,0,5.0
2025-11-27,CIPLA,buy,141.0875637737152,1525.9625511474608,215294.33875131852,148.8468236458516,0,5.0
2025-11-27,DRREDDY,buy,172.24584724900942,1249.924698852539,215294.33875131852,148.8468236458516,0,5.0
2025-12-26,ITC,sell,543.3998252461205,395.65592439270023,214999.36017258556,331.6324798115827,0,5.0
2025-12-26,ULTRACEMCO,sell,18.523435084671537,11788.103000000001,218356.1606919218,336.81028164116333,0,5.0
2025-12-26,HDFCBANK,sell,213.1617091417823,991.6039255981445,211371.9875722012,326.03732562274973,0,5.0
2025-12-26,KOTAKBANK,sell,509.8728580746031,432.6235763397217,220583.01933879012,340.24516932947085,0,5.0
2025-12-26,GRASIM,sell,78.53530853234643,2816.291101196289,221178.29054935227,341.1633640048443,0,5.0
2025-12-26,CIPLA,sell,141.0875637737152,1505.247,212371.6321076935,327.57925856603515,0,5.0
2025-12-26,DRREDDY,sell,172.24584724900942,1268.665398803711,218522.34649244763,337.0666201209319,0,5.0
2025-12-26,TCS,buy,66.7399553376783,3223.0484630126953,215106.11047263996,148.7166893303646,0,5.0
2025-12-26,ADANIENT,buy,0.9897664555167937,2231.0148522949216,2208.1836625612677,1.5266593915344873,0,5.0
2025-12-26,ICICIBANK,buy,159.21105396924452,1351.0752244262694,215106.11047263994,148.7166893303646,0,5.0
2025-12-26,NTPC,buy,6.056755289378412,321.83228347778316,1949.2593852467955,1.347648385176473,0,5.0
2025-12-26,POWERGRID,buy,819.0327111721397,262.6343338165283,215106.11047263994,148.7166893303646,0,5.0
2025-12-26,TRENT,buy,50.17119477425569,4287.442454589844,215106.11047263994,148.7166893303646,0,5.0
2025-12-26,APOLLOHOSP,buy,0.6583369032812988,7150.085463134766,4707.1651219967725,3.25436600353462,0,5.0
2025-12-26,BAJAJFINSV,buy,106.5615651113487,2018.6087755737303,215106.11047263994,148.7166893303646,0,5.0
2025-12-26,M&M,buy,59.3410630046178,3624.911647705078,215106.11047263996,148.7166893303646,0,5.0
2025-12-26,NESTLEIND,buy,169.85652376500556,1266.3988742065428,215106.11047263994,148.7166893303646,0,5.0
2026-01-23,NESTLEIND,sell,9.903662132997907,1286.2087467651368,12738.176860468579,19.6483988469765,0,5.0
2026-01-23,ADANIENT,sell,96.41626108018608,1863.2678511962893,179649.31960325871,277.1057053782291,0,5.0
2026-01-23,NTPC,sell,668.3795303198326,334.0099744567871,223245.42984956666,344.35188759717397,0,5.0
2026-01-23,TCS,sell,66.7399553376783,3160.9187500000003,210959.57620102994,325.40118881929953,0,5.0
2026-01-23,ICICIBANK,sell,159.21105396924452,1342.7283244018556,213777.1917223771,329.74730790425804,0,5.0
2026-01-23,POWERGRID,sell,819.0327111721397,251.20285746765137,205743.3574059191,317.3552691808699,0,5.0
2026-01-23,TRENT,sell,50.17119477425569,3754.0219523925784,188343.76656031967,290.5167267070639,0,5.0
2026-01-23,BAJAJFINSV,sell,106.5615651113487,1948.0255000000002,207584.64615681762,320.1954225376961,0,5.0
2026-01-23,M&M,sell,59.3410630046178,3541.6282023925783,210163.98229710927,324.17400014734994,0,5.0
2026-01-23,INDUSINDBK,buy,230.64113925657549,892.8962372131347,205938.60538874686,142.37860343173423,0,5.0
2026-01-23,BAJFINANCE,buy,221.84156163283734,928.3139005737304,205938.60538874686,142.37860343173423,0,5.0
2026-01-23,ITC,buy,649.8130098057101,316.91979428100586,205938.6053887469,142.37860343173423,0,5.0
2026-01-23,APOLLOHOSP,buy,0.2123624176995046,6797.377458984374,1443.5075112060367,0.997989585783436,0,5.0
2026-01-23,AXISBANK,buy,163.62137324719745,1258.629,205938.60538874686,142.37860343173423,0,5.0
2026-01-23,BEL,buy,503.31621362848165,409.1634638671875,205938.60538874686,142.37860343173423,0,5.0
2026-01-23,KOTAKBANK,buy,486.83938857104545,423.0113877868652,205938.60538874686,142.37860343173423,0,5.0
2026-01-23,DRREDDY,buy,166.58764293627024,1236.2177755737305,205938.6053887469,142.37860343173423,0,5.0
2026-01-23,BPCL,buy,606.1636736323885,339.74092204284665,205938.60538874683,142.37860343173423,0,5.0
2026-02-23,BPCL,sell,17.421763541563138,371.9139561004639,6479.397000989576,9.994348324557919,0,5.0
2026-02-23,BEL,sell,3.024010825341237,437.66689082336427,1323.509415743295,2.0414884455683793,0,5.0
2026-02-23,APOLLOHOSP,sell,30.296773517637938,7689.1535,232956.5421318531,359.33109611815826,0,5.0
2026-02-23,INDUSINDBK,sell,230.64113925657549,919.2901250000001,212026.1217373197,327.04631530129376,0,5.0
2026-02-23,BAJFINANCE,sell,221.84156163283734,1030.4845,228604.29071843356,352.61782995849546,0,5.0
2026-02-23,AXISBANK,sell,163.62137324719745,1386.0066011962892,226780.3034174176,349.8043637635486,0,5.0
2026-02-23,DRREDDY,sell,166.58764293627024,1306.7463244018556,217687.7900977399,335.77933253785545,0,5.0
2026-02-23,ITC,buy,23.422615416464833,325.5626938934326,7625.529773014136,5.27201918969676,0,5.0
2026-02-23,NESTLEIND,buy,6.628289919292019,1315.7575255737304,8721.222342992967,6.029541935903715,0,5.0
2026-02-23,KOTAKBANK,buy,21.79971551351021,430.91536221313476,9393.832306647546,6.494560464598874,0,5.0
2026-02-23,ASIANPAINT,buy,90.16375385468108,2430.914801147461,219180.40377236065,151.53351033821048,0,5.0
2026-02-23,HDFCBANK,buy,237.19237129603826,924.0617755737304,219180.40377236065,151.53351033821048,0,5.0
2026-02-23,ONGC,buy,794.7428738941306,275.7878188934326,219180.40377236065,151.53351033821048,0,5.0
2026-02-23,TECHM,buy,152.03752142850857,1441.6204744262695,219180.40377236065,151.53351033821048,0,5.0
2026-02-23,LTIM,buy,45.34220601018143,4833.91575,219180.40377236067,151.53351033821048,0,5.0
2026-03-24,ITC,sell,2.740228658935251,291.104375,797.6925511164344,1.230425795879658,0,5.0
2026-03-24,NESTLEIND,sell,166.58115155129968,1182.608351196289,197000.26097646166,303.86920695349744,0,5.0
2026-03-24,BEL,sell,500.2922028031404,414.24278720092775,207242.43650406468,319.6675705679655,0,5.0
2026-03-24,KOTAKBANK,sell,508.63910408455564,366.6665811004639,186500.961308687,287.67423417630397,0,5.0
2026-03-24,ASIANPAINT,sell,90.16375385468108,2216.191398803711,199820.13577659914,308.2188109336075,0,5.0
2026-03-24,HDFCBANK,sell,237.19237129603826,764.5175744018555,181337.73636987148,279.7100565670781,0,5.0
2026-03-24,ONGC,sell,794.7428738941306,267.9159627990723,212924.30223704773,328.4317418728152,0,5.0
2026-03-24,TECHM,sell,152.03752142850857,1431.983601196289,217715.23745215367,335.8216695671434,0,5.0
2026-03-24,LTIM,sell,45.34220601018143,4209.39425,190863.22126157317,294.4029383203401,0,5.0
2026-03-24,ADANIENT,buy,107.42163024723317,1818.8089744262695,195379.4251411681,135.07836298290593,0,5.0
2026-03-24,BAJFINANCE,buy,230.01388015199475,849.4245,195379.42514116806,135.07836298290593,0,5.0
2026-03-24,ICICIBANK,buy,156.07560091905572,1251.8255511474608,195379.42514116806,135.07836298290593,0,5.0
2026-03-24,RELIANCE,buy,138.32113436399058,1412.505948852539,195379.42514116806,135.07836298290593,0,5.0
2026-03-24,TCS,buy,81.40811250376774,2399.999448852539,195379.42514116806,135.07836298290593,0,5.0
2026-03-24,TRENT,buy,58.02287217219737,3367.282897705078,195379.4251411681,135.07836298290593,0,5.0
2026-03-24,EICHERMOT,buy,28.42115911061615,6874.4355,195379.42514116806,135.07836298290593,0,5.0
2026-03-24,BPCL,buy,103.13332196955923,282.391125,29123.934815971046,20.135249326891888,0,5.0
2026-03-24,BRITANNIA,buy,35.41884179723289,5516.25675,195379.42514116806,135.07836298290593,0,5.0
