date,total_value
2022-07-04,1000000.0
2022-07-05,998452.8286015552
2022-07-06,1009753.5071294581
2022-07-07,1018790.288095303
2022-07-08,1024328.480867383
2022-07-11,1024038.0162115046
2022-07-12,1014079.272059804
2022-07-13,1008291.6250344272
2022-07-14,1006523.4291504901
2022-07-15,1013504.6330654356
2022-07-18,1027984.882023864
2022-07-19,1031903.3180684188
2022-07-20,1043289.2242299572
2022-07-21,1048619.0964908786
2022-07-22,1055830.7603673988
2022-07-25,1050245.2052055707
2022-07-26,1040952.6796690405
2022-07-27,1050927.272953769
2022-07-28,1069101.7266427875
2022-07-29,1083540.9651986342
2022-08-01,1095021.6578094475
2022-08-02,1095362.56834399
2022-08-03,1098059.141070728
2022-08-04,1097670.7448068806
2022-08-05,1098649.5675283456
2022-08-08,1106707.4641029472
2022-08-10,1107316.8848522867
2022-08-11,1115163.2540872572
2022-08-12,1117635.5955000303
2022-08-16,1125661.9171481328
2022-08-17,1133176.7496548651
2022-08-18,1133950.3353540874
2022-08-19,1121443.4576320606
2022-08-22,1104535.084491913
2022-08-23,1110016.5410679404
2022-08-24,1111749.955196906
2022-08-25,1106540.0923245917
2022-08-26,1108841.9784700936
2022-08-29,1093307.1146326473
2022-08-30,1121497.233678754
2022-09-01,1107825.2905047412
2022-09-02,1107613.6398255534
2022-09-05,1115592.7224234643
2022-09-06,1114948.5199191533
2022-09-07,1112978.2938414463
2022-09-08,1123988.4460436925
2022-09-09,1126173.4062895032
2022-09-12,1132677.8411482715
2022-09-13,1141121.0504978048
2022-09-14,1136934.165908231
2022-09-15,1128955.206649877
2022-09-16,1107070.5757576842
2022-09-19,1112842.4969895899
2022-09-20,1125093.5684711533
2022-09-21,1118911.173194762
2022-09-22,1113319.3277155454
2022-09-23,1094219.580672642
2022-09-26,1074576.8929014262
2022-09-27,1074014.8345418347
2022-09-28,1064618.087079947
2022-09-29,1062060.5180335382
2022-09-30,1079505.6649241666
2022-10-03,1066433.6453536323
2022-10-04,1090869.5549748456
2022-10-06,1094500.6715222162
2022-10-07,1093417.6268753936
2022-10-10,1088766.6155341978
2022-10-11,1072508.7352157498
2022-10-12,1081352.7981243506
2022-10-13,1074453.6766843465
2022-10-14,1085274.3793275997
2022-10-17,1093237.6744622611
2022-10-18,1104298.2725431717
2022-10-19,1105896.013159837
2022-10-20,1109160.8112239984
2022-10-21,1109940.8105801658
2022-10-24,1119694.2560398455
2022-10-25,1114995.8823089018
2022-10-27,1120085.735792609
2022-10-28,1123233.8546361919
2022-10-31,1137467.7328302395
2022-11-01,1145879.3672532737
2022-11-02,1141929.2946124417
2022-11-03,1140025.3018766483
2022-11-04,1144095.3839060871
2022-11-07,1149504.1934832558
2022-11-09,1146611.8808801363
2022-11-10,1138478.1304782035
2022-11-11,1158780.80821698
2022-11-14,1157483.15274161
2022-11-15,1162172.0293266932
2022-11-16,1162566.715907929
2022-11-17,1158414.6130733269
2022-11-18,1156125.4309021584
2022-11-21,1146798.123610657
2022-11-22,1152118.4987257174
2022-11-23,1153574.1521731382
2022-11-24,1167268.1731277888
2022-11-25,1169077.4410840857
2022-11-28,1172234.933733973
2022-11-29,1175727.1699405713
2022-11-30,1184587.0203124215
2022-12-01,1188006.6095201608
2022-12-02,1180655.9419633115
2022-12-05,1180968.6077393843
2022-12-06,1177286.9219737928
2022-12-07,1172092.8465647283
2022-12-08,1175177.6922157567
2022-12-09,1168057.5462902607
2022-12-12,1168092.328045232
2022-12-13,1175092.4645821212
2022-12-14,1178395.2512297262
2022-12-15,1162898.252636167
2022-12-16,1153684.6644158843
2022-12-19,1163248.6603165707
2022-12-20,1161029.0416553451
2022-12-21,1149270.4650234303
2022-12-22,1144739.4630708417
2022-12-23,1124496.8516961471
2022-12-26,1137619.3171453455
2022-12-27,1145052.1288469145
2022-12-28,1144433.2109517138
2022-12-29,1148758.9758820597
2022-12-30,1143347.0828159754
2023-01-02,1149166.2430980725
2023-01-03,1151382.9016099388
2023-01-04,1139409.59080992
2023-01-05,1136201.6522813684
2023-01-06,1127821.5927848332
2023-01-09,1143088.0697470391
2023-01-10,1131275.963747544
2023-01-11,1130110.7749560017
2023-01-12,1127742.6554685861
2023-01-13,1133956.625671476
2023-01-16,1130057.122248865
2023-01-17,1140063.2904600922
2023-01-18,1147139.157484756
2023-01-19,1143508.0409373855
2023-01-20,1138443.4720627887
2023-01-23,1144183.8183681953
2023-01-24,1144168.030904946
2023-01-25,1129873.96300726
2023-01-27,1111712.0899530186
2023-01-30,1114528.5487288071
2023-01-31,1115362.2007921115
2023-02-01,1112466.8047000759
2023-02-02,1112094.1958994777
2023-02-03,1127480.6822502906
2023-02-06,1121831.853895908
2023-02-07,1119110.1198996163
2023-02-08,1128595.1784840557
2023-02-09,1129968.6877867568
2023-02-10,1127635.3500543125
2023-02-13,1122229.7473056165
2023-02-14,1132267.3671037862
2023-02-15,1137698.2544615925
2023-02-16,1138961.2515215476
2023-02-17,1133173.5428263925
2023-02-20,1126883.8421357279
2023-02-21,1125753.435099157
2023-02-22,1108551.5138142153
2023-02-23,1105832.8633068395
2023-02-24,1102962.7518239145
2023-02-27,1098346.3988981338
2023-02-28,1092741.8494445835
2023-03-01,1102021.7943463367
2023-03-02,1093875.463309627
2023-03-03,1111080.5914230412
2023-03-06,1118475.4145411663
2023-03-08,1121187.7747311536
2023-03-09,1110780.6296213018
2023-03-10,1099622.0999324222
2023-03-13,1083291.5726151154
2023-03-14,1076281.9389323655
2023-03-15,1071788.8022236642
2023-03-16,1072638.1184106614
2023-03-17,1079865.6930899876
2023-03-20,1072814.9873348775
2023-03-21,1080336.1101589983
2023-03-22,1083139.9883000096
2023-03-23,1078403.7493251783
2023-03-24,1070077.4658753364
2023-03-27,1072644.4087280498
2023-03-28,1070497.3137261262
2023-03-29,1078643.6447628357
2023-03-31,1096265.6605776807
2023-04-03,1098684.3492833169
2023-04-05,1108725.1759099592
2023-04-06,1111383.760053253
2023-04-10,1112956.2160608084
2023-04-11,1119160.6891178372
2023-04-12,1124850.4662050232
2023-04-13,1125835.5792438767
2023-04-17,1118184.949885288
2023-04-18,1115235.9010861157
2023-04-19,1112621.4725040977
2023-04-20,1112981.377330362
2023-04-21,1112956.2160608084
2023-04-24,1120493.1263481784
2023-04-25,1122125.525380259
2023-04-26,1124926.1966927976
2023-04-27,1131332.8232831534
2023-04-28,1140802.0944043433
2023-05-02,1146021.4544225186
2023-05-03,1142371.343583426
2023-05-04,1152851.1356921366
2023-05-05,1141054.6938163345
2023-05-08,1153394.1997600058
2023-05-09,1153492.0080284183
2023-05-10,1156595.847971169
2023-05-11,1155452.860299821
2023-05-12,1156576.9770190038
2023-05-15,1161884.6481597307
2023-05-16,1154789.7868433448
2023-05-17,1148174.8397418305
2023-05-18,1144903.6280207245
2023-05-19,1149542.058727143
2023-05-22,1156551.6924098933
2023-05-23,1158673.5028027063
2023-05-24,1154720.3466729585
2023-05-25,1156977.9539176282
2023-05-26,1168231.2083860044
2023-05-29,1174502.0381245038
2023-05-30,1176724.8636142018
2023-05-31,1170444.6600693983
2023-06-01,1167498.694759142
2023-06-02,1170425.665777676
2023-06-05,1174198.8694942917
2023-06-06,1174524.1159051415
2023-06-07,1182569.431844966
2023-06-08,1176769.1425150342
2023-06-09,1172276.005806333
2023-06-12,1174681.9905376357
2023-06-13,1181922.1458517392
2023-06-14,1184432.3525083996
2023-06-15,1180150.7431393296
2023-06-16,1188859.1325356306
2023-06-19,1184403.8610708166
2023-06-20,1188271.7895669288
2023-06-21,1190807.2808327
2023-06-22,1185401.6780840037
2023-06-23,1178723.5811294918
2023-06-26,1180346.4830157114
2023-06-27,1188316.0684677614
2023-06-28,1198085.3013906905
2023-06-30,1211785.7360022862
2023-07-03,1220216.2413774857
2023-07-04,1224412.4997733636
2023-07-05,1225012.4233768422
2023-07-06,1231251.6781888425
2023-07-07,1220800.3775177149
2023-07-10,1222322.2643070493
2023-07-11,1227595.2770323616
2023-07-12,1224115.7448000968
2023-07-13,1225975.4586350578
2023-07-14,1235495.2989744686
2023-07-17,1244775.1205366652
2023-07-18,1247162.2343158028
2023-07-19,1252460.5316502254
2023-07-20,1261680.4101878966
2023-07-21,1246893.8474405624
2023-07-24,1242305.9859523645
2023-07-25,1242826.9722395958
2023-07-26,1248996.78688121
2023-07-27,1241519.8196183653
2023-07-28,1240645.2188222576
2023-07-31,1247449.6154827652
2023-08-01,1246170.8309595608
2023-08-02,1233098.8113890267
2023-08-03,1223948.3730217414
2023-08-04,1232495.6809570754
2023-08-07,1237566.6634886174
2023-08-08,1235896.275873093
2023-08-09,1239792.695806788
2023-08-10,1234143.8674524054
2023-08-11,1226894.3383319976
2023-08-14,1227289.0249132337
2023-08-16,1229211.8886011925
2023-08-17,1222912.690764667
2023-08-18,1219433.1585324022
2023-08-21,1224702.9644292418
2023-08-22,1224882.916842374
2023-08-23,1227885.7416882399
2023-08-24,1224267.205775646
2023-08-25,1216632.4872198636
2023-08-28,1219174.268803023
2023-08-29,1221485.5287548292
2023-08-30,1221788.5740454844
2023-08-31,1215874.6889838905
2023-09-01,1227336.387302982
2023-09-04,1233240.8985582714
2023-09-05,1236152.0821135566
2023-09-06,1238434.9739673364
2023-09-07,1245760.3569150756
2023-09-08,1251626.879586921
2023-09-11,1262766.5383236352
2023-09-12,1262567.591618781
2023-09-13,1267417.5496648308
2023-09-14,1269507.785131145
2023-09-15,1275143.9095111943
2023-09-18,1271414.984695411
2023-09-20,1256770.5091173216
2023-09-21,1246726.475662207
2023-09-22,1242425.9953409715
2023-09-25,1242444.9896326934
2023-09-26,1241822.8649090205
2023-09-27,1245090.8698016538
2023-09-28,1232909.3618300334
2023-09-29,1240155.807461525
2023-10-03,1233237.691729799
2023-10-04,1227386.8331816462
2023-10-05,1234311.2392307606
2023-10-06,1241115.6358912683
2023-10-09,1232202.0094727245
2023-10-10,1243411.1083798253
2023-10-11,1251083.8155190516
2023-10-12,1249988.190237452
2023-10-13,1247275.9533870216
2023-10-16,1246057.111888342
2023-10-17,1251093.3126649125
2023-10-18,1242227.0486361173
2023-10-19,1239296.8707891104
2023-10-20,1234115.499354379
2023-10-23,1217639.6780393547
2023-10-25,1207560.9861688255
2023-10-26,1190832.5654418103
2023-10-27,1202831.0375113827
2023-10-30,1208745.0459125333
2023-10-31,1204873.9105879485
2023-11-01,1199162.0557201249
2023-11-02,1208261.924869189
2023-11-03,1214409.5383906085
2023-11-06,1225849.1589290623
2023-11-07,1225530.202835601
2023-11-08,1227854.1667617408
2023-11-09,1224810.393183072
2023-11-10,1226707.9722619203
2023-11-13,1227857.3735902135
2023-11-15,1242501.7258287463
2023-11-16,1248169.4251352942
2023-11-17,1246060.3187168147
2023-11-20,1243673.2049376771
2023-11-21,1249318.8264635873
2023-11-22,1251115.3904455504
2023-11-23,1250493.389061434
2023-11-24,1250032.3457987278
2023-11-28,1256031.581833514
2023-11-29,1269097.3110866598
2023-11-30,1271405.4875495501
2023-12-01,1279914.9302409969
2023-12-04,1306368.4283296654
2023-12-05,1316996.4745854526
2023-12-06,1322212.6277751555
2023-12-07,1319904.5746518217
2023-12-08,1324214.5521189182
2023-12-11,1325963.753711133
2023-12-12,1320236.1113800597
2023-12-13,1321495.901611542
2023-12-14,1337684.341759604
2023-12-15,1354984.3179920716
2023-12-18,1352584.6235781568
2023-12-19,1354760.0866781068
2023-12-20,1335628.8880482612
2023-12-21,1342253.3322956364
2023-12-22,1348211.496258063
2023-12-26,1354018.0759053833
2023-12-27,1367494.2792030142
2023-12-28,1375321.6541462627
2023-12-29,1372334.740103203
2024-01-01,1372997.8135596793
2024-01-02,1368192.1344144621
2024-01-03,1358817.464733212
2024-01-04,1367737.3814691443
2024-01-05,1371033.8777993608
2024-01-08,1358542.7875405834
2024-01-09,1360554.0856906504
2024-01-10,1365217.6776666227
2024-01-11,1367017.4484770584
2024-01-12,1382637.6632876974
2024-01-15,1395450.6697892952
2024-01-16,1391336.5555381372
2024-01-17,1362265.422038978
2024-01-18,1355337.9325009475
2024-01-19,1365451.4061264484
2024-01-23,1341227.147184423
2024-01-24,1354813.7393852435
2024-01-25,1348413.5264518328
2024-01-29,1372726.2198559665
2024-01-30,1359117.4265349514
2024-01-31,1371974.711937382
2024-02-01,1370190.7285901955
2024-02-02,1380064.3067780389
2024-02-05,1374879.6051752786
2024-02-06,1384838.4109967574
2024-02-07,1384907.8511671438
2024-02-08,1371485.3005766494
2024-02-09,1375561.6729234767
2024-02-12,1365050.429227824
2024-02-13,1373083.041193315
2024-02-14,1379195.99629932
2024-02-15,1383660.6415704382
2024-02-16,1391866.915631673
2024-02-19,1397016.835479462
2024-02-20,1401734.0801625713
2024-02-21,1392773.2146938362
2024-02-22,1403028.6521490251
2024-02-23,1402728.690347286
2024-02-26,1397004.2548446853
2024-02-27,1401822.5146246795
2024-02-28,1386211.9202994586
2024-02-29,1388210.6378147488
2024-03-01,1410688.778653475
2024-03-04,1414910.321658463
2024-03-05,1411797.107909408
2024-03-06,1419233.003099893
2024-03-07,1420464.4252333492
2024-03-11,1410303.5892181
2024-03-12,1410496.122266009
2024-03-13,1389151.4719527697
2024-03-14,1398557.7165605186
2024-03-15,1390771.2903500733
2024-03-18,1392814.1634266393
2024-03-19,1377768.7109499255
2024-03-20,1379135.929935238
2024-03-21,1390051.357357988
2024-03-22,1395406.5142280194
2024-03-26,1389593.520923754
2024-03-27,1397105.2699415702
2024-03-28,1409940.4775633628
2024-04-01,1418471.9980354474
2024-04-02,1417922.6436501897
2024-04-03,1416744.8742238705
2024-04-04,1421796.8624636903
2024-04-05,1421736.7960996085
2024-04-08,1431373.5623387103
2024-04-09,1429886.3339647907
2024-04-10,1436899.1744760133
2024-04-12,1422096.8242654298
2024-04-15,1406505.1008923738
2024-04-16,1398636.6538767659
2024-04-18,1389034.669392635
2024-04-19,1398579.7943411565
2024-04-22,1410540.4011668414
2024-04-23,1412535.9118536592
2024-04-24,1414708.291464693
2024-04-25,1425314.2599398424
2024-04-26,1415816.4973810695
2024-04-29,1429927.4060371504
2024-04-30,1427492.9298682646
2024-05-02,1430230.4513278056
2024-05-03,1419346.598831555
2024-05-06,1417253.1565367684
2024-05-07,1408399.5964823065
2024-05-08,1408399.5964823065
2024-05-09,1386612.8971980829
2024-05-10,1392782.5885001405
2024-05-13,1395867.5574907258
2024-05-14,1403053.9367581357
2024-05-15,1401961.5183050085
2024-05-16,1414799.8094157171
2024-05-17,1418730.887764827
2024-05-21,1422706.2450147693
2024-05-22,1427047.7974083647
2024-05-23,1450403.7458716708
2024-05-24,1449737.465586722
2024-05-27,1448180.7970424162
2024-05-28,1445383.33255835
2024-05-29,1433798.4180221786
2024-05-30,1420154.9662857489
2024-05-31,1422810.3436005702
2024-06-03,1469111.8898222542
2024-06-04,1382002.9579292473
2024-06-05,1428471.7525897296
2024-06-06,1441168.07987075
2024-06-07,1470769.5734634448
2024-06-10,1468815.0115094308
2024-06-11,1469171.8328467794
2024-06-12,1472840.8146380372
2024-06-13,1477637.1199769503
2024-06-14,1481849.1658360774
2024-06-18,1487677.9466035923
2024-06-19,1485031.9430950754
2024-06-20,1488252.5855979607
2024-06-21,1484090.9856174975
2024-06-24,1486411.7427151648
2024-06-25,1497996.657251336
2024-06-26,1507311.260568504
2024-06-27,1518406.640404386
2024-06-28,1516265.8357198508
2024-07-01,1524560.544243194
2024-07-02,1523417.556571846
2024-07-03,1533688.904829841
2024-07-04,1534677.2246971673
2024-07-05,1536047.527171396
2024-07-08,1535839.2066602374
2024-07-09,1542952.9389287885
2024-07-10,1536085.3924152832
2024-07-11,1535548.6186648025
2024-07-12,1547307.1952967173
2024-07-15,1552646.441363943
2024-07-16,1554307.3318336066
2024-07-18,1566170.0070513224
2024-07-19,1549122.7535704027
2024-07-22,1547755.53458509
2024-07-23,1545848.4583603807
2024-07-24,1541708.9361605556
2024-07-25,1541241.6025804607
2024-07-26,1568317.1020532458
2024-07-29,1568396.039369493
2024-07-30,1569734.8902567793
2024-07-31,1575661.4792927068
2024-08-01,1579434.6830093225
2024-08-02,1560919.0721066482
2024-08-05,1519107.5791047497
2024-08-06,1515126.0548769757
2024-08-07,1534383.5532128166
2024-08-08,1522985.0047467228
2024-08-09,1538804.042922659
2024-08-12,1537509.4709362052
2024-08-13,1524374.3015126735
2024-08-14,1524674.2633144127
2024-08-16,1549770.0395636295
2024-08-19,1551759.2599330586
2024-08-20,1559728.722045552
2024-08-21,1564234.43938903
2024-08-22,1566842.57765366
2024-08-23,1567578.298108995
2024-08-26,1579415.6887176002
2024-08-27,1579867.2348344456
2024-08-28,1582052.1950802563
2024-08-29,1588341.895770921
2024-08-30,1593643.399933816
2024-09-02,1596346.1396383855
2024-09-03,1596418.7866372443
2024-09-04,1591294.1513985656
2024-09-05,1587909.3439457975
2024-09-06,1569409.6438459295
2024-09-09,1574730.01896099
2024-09-10,1581341.7592340317
2024-09-11,1573596.4050959463
2024-09-12,1603305.3274424716
2024-09-13,1601259.2475374332
2024-09-16,1602980.081031622
2024-09-17,1605177.7452517662
2024-09-18,1602588.6012788585
2024-09-19,1605004.0831560225
2024-09-20,1628694.6518364828
2024-09-23,1638047.2437370948
2024-09-24,1638132.4713707303
2024-09-25,1642158.274499337
2024-09-26,1655539.7530174714
2024-09-27,1653196.7947996096
2024-09-30,1629951.3585790494
2024-10-01,1629070.4674655534
2024-10-03,1594540.0785105613
2024-10-04,1579668.2881295914
2024-10-07,1565847.967468945
2024-10-08,1579576.7701785672
2024-10-09,1577606.4207613035
2024-10-10,1578648.3933357664
2024-10-11,1576488.717699066
2024-10-14,1586826.299298975
2024-10-15,1582367.9443452451
2024-10-16,1576933.9734985228
2024-10-17,1562949.364548437
2024-10-18,1569529.6532345365
2024-10-21,1564922.797454617
2024-10-22,1545409.4928783122
2024-10-23,1543098.2329265059
2024-10-24,1540818.5479011987
2024-10-25,1527014.0147038018
2024-10-28,1537013.769258084
2024-10-29,1545077.956150074
2024-10-30,1537121.0746723576
2024-10-31,1528564.2695911624
2024-11-01,1534816.10503794
2024-11-04,1515302.8004616355
2024-11-05,1529066.3849262288
2024-11-06,1546164.2076253695
2024-11-07,1528185.370473176
2024-11-08,1524955.2308244298
2024-11-11,1524519.5955103908
2024-11-12,1508236.307243276
2024-11-13,1487750.593602451
2024-11-14,1486086.4963043153
2024-11-18,1481104.0715744381
2024-11-19,1485189.8177275697
2024-11-21,1474542.7771800605
2024-11-22,1509739.3230804447
2024-11-25,1529609.4489940982
2024-11-26,1527879.1183540483
2024-11-27,1532956.3912029786
2024-11-28,1510175.0817340408
2024-11-29,1523875.3930060798
2024-12-02,1533029.0382018373
2024-12-03,1544465.4519118187
2024-12-04,1545115.8213939616
2024-12-05,1560331.8524775032
2024-12-06,1558399.4916436835
2024-12-09,1554686.230951593
2024-12-10,1554121.089103086
2024-12-11,1556126.0969357644
2024-12-12,1550246.7469500285
2024-12-13,1564114.5533399796
2024-12-16,1557796.3612117323
2024-12-17,1536814.82255323
2024-12-18,1528153.7955466772
2024-12-19,1512546.284710372
2024-12-20,1489547.1575844146
2024-12-23,1500026.8263535684
2024-12-24,1498397.6341499602
2024-12-26,1499821.5893313256
2024-12-27,1503812.7340445174
2024-12-30,1493171.9838143967
2024-12-31,1493165.6934970082
2025-01-01,1499360.669408176
2025-01-02,1527509.7163819228
2025-01-03,1515896.4337477253
2025-01-06,1491350.135223323
2025-01-07,1497150.4245532549
2025-01-08,1495953.6608352135
2025-01-09,1485695.0165515516
2025-01-10,1479695.7805167655
2025-01-13,1457874.2994775707
2025-01-14,1463564.199904313
2025-01-15,1465910.118271534
2025-01-16,1472136.7924487577
2025-01-17,1465278.619741557
2025-01-20,1474217.5307692108
2025-01-21,1454003.2874925425
2025-01-22,1462256.9239435256
2025-01-23,1465414.4165934133
2025-01-24,1458268.9860588065
2025-01-27,1441657.4912314825
2025-01-28,1449746.962732583
2025-01-29,1462746.3353042582
2025-01-30,1468202.507271175
2025-01-31,1484552.0288802038
2025-02-01,1482894.345239013
2025-02-03,1475246.9227088967
2025-02-04,1499130.1477768228
2025-02-05,1496417.9109263923
2025-02-06,1490548.0580865175
2025-02-07,1487807.3297985038
2025-02-10,1476544.5781842666
2025-02-11,1456980.8277292978
2025-02-12,1455304.1497963849
2025-02-13,1454429.5490002774
2025-02-14,1447978.7668486459
2025-02-17,1449889.0499018277
2025-02-18,1448992.3713250826
2025-02-19,1448209.2884799992
2025-02-20,1446962.0788832936
2025-02-21,1439557.7586193073
2025-02-24,1424240.7124388805
2025-02-25,1423874.5172952276
2025-02-27,1423716.6426627333
2025-02-28,1397171.503283484
2025-03-03,1396830.5927489414
2025-03-04,1394516.1259686626
2025-03-05,1410597.2607024508
2025-03-06,1423694.4415425388
2025-03-07,1424187.0597317438
2025-03-10,1418364.692621174
2025-03-11,1420739.102425978
2025-03-12,1419008.7717859284
2025-03-13,1414379.8382253707
2025-03-17,1421424.2536630924
2025-03-18,1441982.7376423322
2025-03-19,1446611.5478633333
2025-03-20,1464486.163090169
2025-03-21,1474574.3521065596
2025-03-24,1494021.3000013938
2025-03-25,1494671.7928230932
2025-03-26,1483191.1002122797
2025-03-27,1489828.125094432
2025-03-28,1485243.4704347067
2025-04-01,1462910.5002541412
2025-04-02,1473434.4479241276
2025-04-03,1468240.3725150626
2025-04-04,1446412.601158479
2025-04-07,1399501.7575270124
2025-04-08,1423135.59001142
2025-04-09,1414503.0544424502
2025-04-11,1441619.6259875954
2025-04-15,1473194.55248647
2025-04-16,1480055.68534303
2025-04-17,1506228.2159216814
2025-04-21,1523524.9853256762
2025-04-22,1526158.2848598596
2025-04-23,1536369.566753773
2025-04-24,1531175.4913447083
2025-04-25,1518081.3939935362
2025-04-28,1536341.1986557466
2025-04-29,1536811.6157247573
2025-04-30,1536701.1034820112
2025-05-02,1537490.4766444832
2025-05-05,1544718.0513238097
2025-05-06,1539568.1314760207
2025-05-07,1541765.7956961647
2025-05-08,1532886.9510325927
2025-05-09,1516101.670769968
2025-05-12,1573991.0916771824
2025-05-13,1552119.164759323
2025-05-14,1557711.1335780965
2025-05-15,1582667.9061469843
2025-05-16,1579996.7413689136
2025-05-19,1575301.4511268856
2025-05-20,1558784.6810790582
2025-05-21,1566965.6705311828
2025-05-22,1554098.8879828912
2025-05-23,1569472.7936989274
2025-05-26,1578818.9719425943
2025-05-27,1567770.831156904
2025-05-28,1563113.52949832
2025-05-29,1568238.1647369987
2025-05-30,1563003.017255574
2025-06-02,1560849.631936262
2025-06-03,1549855.2671972653
2025-06-04,1554761.9614393678
2025-06-05,1563015.7212299074
2025-06-06,1578938.9813312013
2025-06-09,1585263.3404372807
2025-06-10,1585329.697118751
2025-06-11,1587675.7388255286
2025-06-12,1571686.1220427644
2025-06-13,1560975.9316422576
2025-06-16,1575367.807808356
2025-06-17,1569488.5811621768
2025-06-18,1566877.3594086312
2025-06-19,1565690.0928364508
2025-06-20,1585844.3930885938
2025-06-23,1576971.83874241
2025-06-24,1581546.9962562744
2025-06-25,1594202.2514649348
2025-06-26,1613415.5942395
2025-06-27,1619023.3505215228
2025-06-30,1611398.0057720444
2025-07-01,1612960.9646337389
2025-07-02,1607378.4929608263
2025-07-03,1604341.009699546
2025-07-04,1607858.407175698
2025-07-07,1607877.40146742
2025-07-08,1611742.1231350596
2025-07-09,1608811.9452880528
2025-07-10,1601180.3102211861
2025-07-11,1588209.305747537
2025-07-14,1583943.607181273
2025-07-15,1591111.1154965176
2025-07-16,1592137.3006077309
2025-07-17,1585784.326724512
2025-07-18,1576750.814256918
2025-07-21,1584473.9672748088
2025-07-22,1582592.17565921
2025-07-23,1592633.0022858519
2025-07-24,1582667.9061469843
2025-07-25,1568452.8989051024
2025-07-28,1558595.231520065
2025-07-29,1567448.7915745268
2025-07-30,1569592.8030875344
2025-07-31,1564117.6368288957
2025-08-01,1551298.2166703525
2025-08-04,1561238.0282001095
2025-08-05,1556615.508296497
2025-08-06,1551857.0682014711
2025-08-07,1553243.2814785058
2025-08-08,1538538.8628758912
2025-08-11,1552542.3427781418
2025-08-12,1546375.7349650005
2025-08-13,1554708.308732231
2025-08-14,1555463.023479288
2025-08-18,1570975.6861965398
2025-08-19,1577524.3999561404
2025-08-20,1581938.5993485944
2025-08-21,1584035.1251322972
2025-08-22,1570543.1343714164
2025-08-25,1576709.7421845582
2025-08-26,1560562.3741088563
2025-08-28,1547228.25798047
2025-08-29,1542551.9620301642
2025-09-01,1555068.336898052
2025-09-02,1552198.1020755705
2025-09-03,1560751.8236678494
2025-09-04,1561967.458338056
2025-09-05,1562390.5130173184
2025-09-08,1564420.8054591073
2025-09-09,1570448.40959192
2025-09-10,1577047.569230185
2025-09-11,1579093.6491352231
2025-09-12,1585945.408185479
2025-09-15,1583116.245435357
2025-09-16,1593845.4301275862
2025-09-17,1599601.5638962423
2025-09-18,1605496.5780056708
2025-09-19,1599399.5337024722
2025-09-22,1591524.673029919
2025-09-23,1589450.225026854
2025-09-24,1582339.5762472188
2025-09-25,1571853.49382112
2025-09-26,1556940.63136779
2025-09-29,1555690.3382821686
2025-09-30,1554187.3224449994
2025-10-01,1568408.7433438266
2025-10-03,1572068.2279892236
2025-10-06,1583649.935696922
2025-10-07,1585585.5033592146
2025-10-08,1581660.7153274931
2025-10-09,1590227.017554549
2025-10-10,1596766.1108287321
2025-10-13,1593103.4193548625
2025-10-14,1587934.628554908
2025-10-15,1599178.5092169798
2025-10-16,1615707.983239141
2025-10-17,1623573.2234262766
2025-10-20,1631991.1481666993
2025-10-21,1633598.2625896696
2025-10-23,1635038.1285738407
2025-10-24,1628959.9552228074
2025-10-27,1639752.2897680341
2025-10-28,1637867.167984406
2025-10-29,1645299.979685975
2025-10-30,1634182.3987298985
2025-10-31,1624346.809125499
2025-11-03,1626951.7405616562
2025-11-04,1616487.8592557518
2025-11-06,1610933.7556808658
2025-11-07,1609835.0469103502
2025-11-10,1615016.4183450816
2025-11-11,1622632.2659486989
2025-11-12,1634053.015534987
2025-11-13,1634264.5428746182
2025-11-14,1636215.89800016
2025-11-17,1642745.494128482
2025-11-18,1636215.89800016
2025-11-19,1645221.0423697277
2025-11-20,1654030.446862914
2025-11-21,1646199.8650911928
2025-11-24,1639338.6088950762
2025-11-25,1634621.364211967
2025-11-26,1654860.8920977456
2025-11-27,1655508.1780909724
2025-11-28,1654712.3912715556
2025-12-01,1652994.7646058393
2025-12-02,1643929.55387219
2025-12-03,1641012.0799995165
2025-12-04,1644027.485480159
2025-12-05,1653670.4186970927
2025-12-08,1639404.9655765463
2025-12-09,1631770.1236812072
2025-12-10,1626613.9135160295
2025-12-11,1635489.674690686
2025-12-12,1644861.0142039065
2025-12-15,1643620.2182641462
2025-12-16,1633061.4888391886
2025-12-17,1630437.686450866
2025-12-18,1630248.2368918727
2025-12-19,1639774.367548672
2025-12-22,1652783.2372662083
2025-12-23,1653083.1990679475
2025-12-24,1650869.7473845538
2025-12-26,1644567.4660591122
2025-12-29,1638239.776785004
2025-12-30,1638034.5397627612
2025-12-31,1650080.374222082
2026-01-01,1651150.8382341277
2026-01-02,1662644.1114797182
2026-01-05,1657702.6354826442
2026-01-06,1653181.0073363602
2026-01-07,1650784.519750918
2026-01-08,1634119.2488769006
2026-01-09,1621896.6688329205
2026-01-12,1628650.496275207
2026-01-13,1624991.01162981
2026-01-14,1620778.8424311262
2026-01-16,1622594.4007048113
2026-01-19,1615720.5638739178
2026-01-20,1593428.6657657123
2026-01-21,1588692.426790881
2026-01-22,1597053.4919956943
2026-01-23,1581818.5899599874
2026-01-27,1589822.833827452
2026-01-28,1600390.9370587142
2026-01-29,1605199.823032404
2026-01-30,1598995.3499753752
2026-02-02,1584328.7966166479
2026-02-03,1624691.049828071
2026-02-04,1627750.610869989
2026-02-05,1619339.0997865116
2026-02-06,1622553.3286324516
2026-02-09,1633516.2417845062
2026-02-10,1637800.9346424923
2026-02-11,1638981.7875577274
2026-02-12,1629720.8369476963
2026-02-13,1608496.196023064
2026-02-16,1621861.8870779488
2026-02-17,1624555.2529762143
2026-02-18,1630488.13232953
2026-02-19,1607438.4359853517
2026-02-20,1614820.6784686998
2026-02-23,1623772.1701311308
2026-02-24,1605562.934687141
2026-02-25,1609216.1290151495
2026-02-26,1610103.4337855906
2026-02-27,1590028.0708496948
2026-03-02,1570265.2503503151
2026-03-04,1545939.9763114047
2026-03-05,1563962.9690248738
2026-03-06,1544042.2738929999
2026-03-09,1517367.8746583955
2026-03-10,1532116.448822286
2026-03-11,1507188.0443514246
2026-03-12,1492808.8721596596
2026-03-13,1461988.5370682853
2026-03-16,1478262.3281895393
2026-03-17,1489146.1806857903
2026-03-18,1501564.6239457089
2026-03-19,1452582.4158000932
2026-03-20,1459677.277116479
2026-03-23,1421670.5627576949
2026-03-24,1446914.716493545
2026-03-25,1471798.8420635744
2026-03-27,1441054.3607995315
2026-03-30,1410224.6519018526
2026-04-01,1432200.8007450695
